feature,year,n_samples,count,missing,zero_count,mean,std,min,p1,p5,p25,p50,p75,p95,p99,max
P1_WUE,2016,19829,19829,0,0,0.2684829395801429,0.16254300045471853,-0.014579368250016,0.07637946811006992,0.10900182841626696,0.1697430473736639,0.2335364475810932,0.3158865637686517,0.5514526735051776,0.8311518707646586,5.556636276016436
P1_Decoupling_Stress,2016,19829,19829,0,0,4.537002400138625,2.197749295967699,0.6199185463432513,1.1677614188479357,1.8234289918675597,2.5570565846641697,4.62957827231551,5.992579693383568,7.808787649685939,8.553734964265448,68.29432059129635
P1_Thermal_Efficiency,2016,19829,19829,0,0,0.0007416240355050365,0.0004876158006589265,-0.0002209744257786,0.000225837792530792,0.00029455524649542,0.0004339555397219,0.0005943705783447,0.0009211305689212,0.00157455396288786,0.0024191523584245474,0.015243504096548
P1_Hydrothermal_Balance,2016,19829,19829,0,0,4.8277480040574945,4.432463764497367,0.0194419084184808,0.6749434346964804,1.2561353894282925,3.652718442162992,4.473660068460725,5.933443224286761,8.181128928662115,9.458238829594626,562.1516418457031
P2_WUE,2016,19829,19829,0,0,0.2852865537914446,0.1503479324655053,-0.2103969548179472,0.06037120451951369,0.0992067177145572,0.174481362383565,0.2575477922493365,0.3675890057036524,0.5633918388173658,0.7396001904131576,2.2717719626122617
P2_Decoupling_Stress,2016,19829,19829,0,0,1.8433018633678382,0.8599783718574859,0.5261991000759921,0.9447370628555689,1.0679189495120969,1.3573679126364933,1.848356595580136,2.171284447787404,2.571305682711343,4.365569157834365,43.257219816286494
P2_Thermal_Efficiency,2016,19829,19829,0,0,0.0033531154962094805,0.0042062568419504905,-0.00010497515667,0.000864956766226356,0.00124935916046476,0.0020132553413551,0.0027756676775235,0.0039512216505174,0.007275726631586396,0.01040490471997416,0.3785314261913299
P2_Hydrothermal_Balance,2016,19829,19829,0,0,139.72072738057307,1176.7395697737666,5.399564389175325,6.066157416005263,9.716174305195917,15.441542921743824,22.81975201715484,180.0484275817871,492.13745880126953,773.3072021484387,148651.64263033224
P3_WUE,2016,19829,19829,0,0,0.5907836226290158,0.32846242896444044,-0.0109107444912446,0.11859276037803172,0.19021980959040696,0.3405118723275976,0.5196080060847439,0.7751054584675099,1.2263060772073178,1.534707943757436,5.478659428964745
P3_Decoupling_Stress,2016,19829,19829,0,0,5.878299889921582,3.460521004702562,0.6102234260474142,1.3596133005833124,1.5639038168352373,3.197956907393174,5.387530844449493,8.124630419721344,11.922983759785446,13.999406690795857,103.4002719144956
P3_Thermal_Efficiency,2016,19829,19829,0,0,0.0010938969366255955,0.0027608063261378843,0.0001015785792956,0.000316001297760688,0.0004309191633569,0.0007610974807057,0.0010289632748944,0.0012430141410019,0.0019578811100299394,0.002476978940267992,0.3176774026530889
P3_Hydrothermal_Balance,2016,19829,19829,0,0,3.8245916923335472,8.981025302472133,0.1597195941635258,0.4999360182494957,0.5763230274834534,1.7469919721995524,3.541626703606008,5.005169271270385,7.3000259877463005,11.934640993822311,708.0644989013672
P4_WUE,2016,19829,19829,0,0,0.932104620480825,0.38249522630624494,0.045424995694516,0.25777132932419455,0.3609252846188384,0.700930280774614,0.8821434944194093,1.1008672220968454,1.6720930832632266,2.06455257041511,5.0812557376908085
P4_Decoupling_Stress,2016,19829,19829,0,0,7.027404019032861,3.88712323798321,0.7974576938919546,1.8500243500858808,2.156654151621837,3.74256579478521,7.2654863561714595,9.10520660806062,13.149423567329157,15.184876659264207,150.20341756507682
P4_Thermal_Efficiency,2016,19829,19829,0,0,0.0021089097657237365,0.0005358874834721804,8.672946880363949e-05,0.001006045139070976,0.00142629494890138,0.0018226064383209,0.0020856133601085,0.0023453932831745,0.0028121996407344,0.0038809516867206258,0.0234054588842361
P4_Hydrothermal_Balance,2016,19829,19829,0,0,2.007622403261743,3.6231193663547656,0.1890248444827934,0.2845852154098711,0.3682176804126159,0.6573297851426797,1.0236314590111693,2.4246295419388844,7.207684596435688,9.840133620369016,348.5751342773437
P1_Drought_Vulnerability,2016,19829,19829,0,0,0.02419441317143414,0.01064615586176513,-9.543148983830235e-05,0.0078324044662401,0.01039059795268376,0.0155170720685484,0.0229624618606882,0.0308108899369322,0.04440401102296757,0.0539652990746088,0.0741971425572102
P1_Fertility_Vigor,2016,19829,19829,0,0,-3.4374157970571195,189.9460394013879,-5803.175146222115,1.108908835847476,1.492994056970616,2.5144211057669845,3.856188849721604,6.274371922703835,16.81279149887664,23.416869951434563,51.07541759954438
P2_Drought_Vulnerability,2016,19829,19829,0,0,0.01090298686280654,0.003093422476611753,-3.139876104698085e-05,0.005372662456420392,0.0066638624977164605,0.0084280232906283,0.0106601997904424,0.0130107304297043,0.016274346387981357,0.018498116078476647,0.0278584747735234
P2_Fertility_Vigor,2016,19829,19829,0,0,-1.0767626585284724,154.71971570346804,-5647.424116551876,1.130559077266854,1.6423447335728867,2.8237295027921614,4.742562337961772,7.556229395020864,14.590908898085038,22.967432619930495,54.65832033165498
P3_Drought_Vulnerability,2016,19829,19829,0,0,0.027403350524243746,0.012956359363697639,-0.0001140684552563,0.009303144918334116,0.01137592010619746,0.0162040964778104,0.0256895506774433,0.036163872126586,0.05164164728689278,0.06207853081390006,0.0833035898512534
P3_Fertility_Vigor,2016,19829,19829,0,0,-1.321969250379696,194.2892900180354,-7288.534679710865,1.407596852142667,2.053219426109626,4.050162709331175,6.759267978157595,10.34571171352718,16.330306137393915,23.459256607698823,46.19827116816487
P4_Drought_Vulnerability,2016,19829,19829,0,0,0.037914411635682634,0.0185360607990045,-0.0001393042615142,0.011815402495495104,0.01463052766537222,0.0208338580812182,0.0364417201940706,0.0511781788599309,0.07143123029706071,0.0836631159988146,0.1225378200951214
P4_Fertility_Vigor,2016,19829,19829,0,0,-2.578471387514532,265.2966663348043,-7338.005163609981,2.85323853206729,4.288315849638093,6.19890482981782,9.20531520758732,13.376702070493709,20.30074056335394,27.250297400733068,44.97542052230414
Cum_PPT_P1,2016,19829,19829,0,0,65.4579788132126,24.6418652502979,0.3675645887851715,11.784551544189453,18.664463806152344,52.6279525756836,61.81465530395508,80.42084503173828,108.942626953125,125.74499450683601,172.29869079589844
Cum_PPT_P2,2016,19829,19829,0,0,103.37520719951843,34.933772901216145,8.787606626749039,45.32005268096924,67.16935653686524,79.9957103729248,95.57751846313477,114.16726303100586,177.77179260253897,219.41727874755895,333.01597595214844
Cum_PPT_P3,2016,19829,19829,0,0,141.20263965973678,50.85824640319845,11.44971004128456,70.36554458618164,77.00269136428832,101.5009422302246,134.73623657226562,169.22638702392578,237.9511268615722,287.927532196045,405.768440246582
Cum_PPT_P4,2016,19829,19829,0,0,175.68613979345588,78.65827811442043,19.071103185415268,83.39390224456787,88.2005856513977,122.58623790740968,163.90471267700195,197.08618164062497,340.1776016235349,443.6666990661623,602.4347152709961
Cum_FDD_P1,2016,19829,19829,0,19508,0.06384438600777835,0.7594572246651463,0.0,0.0,0.0,0.0,0.0,0.0,0.0,1.3614580535888816,35.154300689697266
Cum_FDD_P2,2016,19829,19829,0,11,80.48765644304392,118.34747889945271,0.0,1.8611532831192017,10.018399238586426,24.909582138061523,45.89700698852539,93.6430892944336,225.1878662109372,740.8252715682994,1569.2659149169922
Cum_FDD_P3,2016,19829,19829,0,11,81.48798257077573,121.61961043752814,0.0,1.8611532831192017,10.097275161743164,25.00183486938477,46.10275650024414,94.77533721923828,225.35917663574216,764.6840758028646,1600.5481853485107
Cum_FDD_P4,2016,19829,19829,0,11,81.51284274054643,121.75691517158461,0.0,1.8611532831192017,10.097275161743164,25.00255012512207,46.10275650024414,94.8289794921875,225.35917663574216,764.9259974384319,1603.7117733955383
Cum_VPD_P1,2016,19829,19829,0,0,0.5829728253400297,0.18351124551040976,0.1319865137338638,0.24304085254669186,0.31693111658096307,0.4122399687767029,0.624792754650116,0.6866102814674377,0.9078736186027524,1.1250336503982543,1.684719443321228
Cum_VPD_P2,2016,19829,19829,0,0,0.8495994665630797,0.2057780366521892,0.2329100593924521,0.4323283678293227,0.544727861881256,0.6696102023124695,0.8999871611595154,0.978170484304428,1.1912405133247375,1.4262695550918583,2.059001207351685
Cum_VPD_P3,2016,19829,19829,0,0,1.5017324594959374,0.4039331878019462,0.3682306036353109,0.7606376910209656,0.9108674734830856,1.143839031457901,1.5396995842456818,1.7439209520816803,2.2644031643867493,2.562853534221649,3.6490438282489777
Cum_VPD_P4,2016,19829,19829,0,0,2.4005266909750893,0.6844082999012554,0.5843802317976949,1.1554493486881254,1.335108929872513,1.7898400723934174,2.458951950073242,2.7736584842205048,3.5366121470928182,3.8464222860336306,5.74816158413887
Delta_NDVI_P2,2016,19829,19829,0,0,0.03987130821969767,0.19330146371552967,-0.7315395101904869,-0.45386882603168494,-0.3100963115692138,-0.0807430744171142,0.0533875077962875,0.1749829053878784,0.33399491012096405,0.42017695426940926,2.565551534295082
Delta_NDWI_P2,2016,19829,19829,0,0,0.07264173639778772,0.21045279725580837,-0.6587189882993698,-0.4127320882678031,-0.2893329314887522,-0.061640441417694,0.0845494773238896,0.2145519219338892,0.3778010129928588,0.6171401837468162,0.97496198117733
Delta_SM_P2,2016,19829,19829,0,0,0.022978107839235838,0.026764745230583017,-0.0587117075920105,-0.041316370964050296,-0.0223610818386077,0.0030916929244995,0.0266862809658049,0.0449019521474838,0.05834382176399234,0.07645160615444187,0.1601998507976532
Delta_NDVI_P3,2016,19829,19829,0,0,0.1178358648788597,0.139997881504265,-2.107795834541321,-0.16887794613838195,-0.07969073057174676,0.0208926796913146,0.1041434407234191,0.2020989060401916,0.37056873440742477,0.4868940502405169,0.8676903694868087
Delta_NDWI_P3,2016,19829,19829,0,0,0.09176174975832811,0.14681845319013032,-1.0322476625442505,-0.32370381712913515,-0.10444323718547811,-0.0026020780205727,0.0796118453145027,0.1826621927320958,0.3418985921889543,0.4367393786553296,1.1231069266796112
Delta_SM_P3,2016,19829,19829,0,0,-0.05080007155701966,0.028165726736342784,-0.1664787828922271,-0.13186592400074,-0.09898003637790678,-0.0672554671764373,-0.0512606948614121,-0.0307420492172241,-0.006760627031326286,0.0008559584617614721,0.0315148532390593
Delta_NDVI_P4,2016,19829,19829,0,0,0.1732308477917804,0.16199037167765346,-0.5340843200683594,-0.2047583365440368,-0.10225903987884513,0.0662729144096374,0.1730064749717712,0.2872764468193054,0.4372125327587127,0.5251014322042471,0.713272124528885
Delta_NDWI_P4,2016,19829,19829,0,0,0.22358003490181783,0.15020462452248498,-0.4735912010073662,-0.12088708758354186,-0.0155301332473754,0.1194511950016021,0.2189981490373611,0.3300696164369583,0.4770619019865988,0.5623946565389635,0.7524722367525101
Delta_SM_P4,2016,19829,19829,0,0,0.00137301182344392,0.024296474948067904,-0.0884152352809906,-0.05593899488449085,-0.03843577802181242,-0.0170076340436935,0.0058196783065796,0.0188272297382354,0.03336713910102841,0.05267986953258525,0.1208839118480683
P1_WUE,2017,19898,19898,0,0,0.2900489506299265,0.25721586430202575,-0.0536220215800838,0.07608419738771993,0.11890240418726992,0.18450883761606346,0.2401358993942161,0.32325763019696785,0.6008313223582646,1.1400827153489148,9.81320393747237
P1_Decoupling_Stress,2017,19898,19898,0,0,3.5663496081608708,3.6507941059780027,0.8515485936347823,1.0940802173305022,1.2375785667868897,2.2646875176800316,3.2925225372743294,4.463974821972942,5.379402683466841,15.34322030391525,181.07788564467523
P1_Thermal_Efficiency,2017,19898,19898,0,0,0.0008582332168945833,0.0004591105661336585,-0.0017665990054245,0.000279363591153298,0.00037562275948072,0.0005918352948991749,0.00070606329808875,0.0010514306308049251,0.0016623110184582886,0.002738820896975836,0.0056268429341277
P1_Hydrothermal_Balance,2017,19898,19898,0,0,6.371832722585015,2.7211462595370923,0.0093510237209665,0.15507009845540082,1.483122769160327,4.292009281147339,6.8948116364738965,8.399059490584659,10.164132275023002,11.674262050287643,19.29129754448848
P2_WUE,2017,19898,19898,0,0,0.35878201778619906,0.2076272656015917,-0.1326081930046418,0.06542711414835387,0.10551330782833489,0.19815891596894716,0.3230300939120637,0.4849531366215064,0.7197129978994334,0.9074474581908112,4.3314284480429786
P2_Decoupling_Stress,2017,19898,19898,0,0,1.949096015519656,1.575262367202139,0.7173644229689928,0.8857187429132397,1.002073723800415,1.2597525971032513,1.6910976678294558,2.223429304959235,3.247178560538463,5.230900358534902,38.23076471481615
P2_Thermal_Efficiency,2017,19898,19898,0,0,0.003366340704657533,0.013339470313449942,-0.0010787164707293,0.000663420202236214,0.00098171083271752,0.001769396195168225,0.0026605936343759,0.003844303007835725,0.007854891366086456,0.01031594092798692,1.836473472878368
P2_Hydrothermal_Balance,2017,19898,19898,0,0,71.2649204409267,745.3098437403323,4.058440490934573,6.077281312451336,11.40122063234435,16.111885886778136,20.61956899876243,30.714778295742832,298.631299018858,811.2988258361815,89774.19721858775
P3_WUE,2017,19898,19898,0,0,0.6479392378711618,0.3627256725776696,-0.0300643744035108,0.10430390335726078,0.16887507695003695,0.350611241412903,0.6131641972870829,0.8638769666289887,1.3066522197456645,1.545280531322976,7.972875381239168
P3_Decoupling_Stress,2017,19898,19898,0,0,4.870256988453709,4.342739489255531,0.9438286267931036,1.625280996356348,1.804325749737848,2.8718857675246143,4.24914573160991,5.854398973805006,9.572820728479824,12.931457358629618,127.41576804544538
P3_Thermal_Efficiency,2017,19898,19898,0,0,0.0012209468659182547,0.00045736799782600685,-0.0002368710931222,0.00034288791968940503,0.000598189392720235,0.000986423503040875,0.00120985717593055,0.001431149722977625,0.0018558305405207494,0.002350286326885267,0.0297582760524157
P3_Hydrothermal_Balance,2017,19898,19898,0,0,5.29543518245345,11.811411371182091,0.4596440409720931,1.4804405109996857,2.089061649899726,2.8911145206662408,3.6374687030791817,6.0459595095906575,12.043864918494124,16.531887899925852,809.3228912353516
P4_WUE,2017,19898,19898,0,0,1.1113576999582864,0.6990167615085916,-0.0401931793909376,0.2369187174973007,0.33955104757033133,0.6605467985197817,1.0171019927360117,1.4584288941594643,2.0438016345289216,2.5935387604440883,22.07939983136984
P4_Decoupling_Stress,2017,19898,19898,0,0,9.61396492214791,11.494719163480438,0.8429490807115912,1.9195229338163102,2.3341498706050916,4.909765120680385,8.6396150086863,11.897584308460614,18.762007743144324,27.771269573144494,470.6383247995848
P4_Thermal_Efficiency,2017,19898,19898,0,0,0.0022094456205823594,0.0006657759541105803,-0.000399388796701,0.000762723518638669,0.00124480827894097,0.0018564670311171751,0.0022093970192862498,0.0025510710385115,0.0029194380820652694,0.0050966353935319245,0.0139053825235844
P4_Hydrothermal_Balance,2017,19898,19898,0,0,1.8689058800194742,1.752788831980311,0.0016283993645395,0.003813019381063932,0.029951845325123783,0.9084795160675843,1.4549681679015949,2.0606825765743557,6.818827787748675,8.090828921029248,13.81488808199254
P1_Drought_Vulnerability,2017,19898,19898,0,0,0.019353587034473305,0.01040826666858932,-7.249135865867487e-05,0.007007912491772289,0.008762042847854264,0.012102000925417975,0.017126488646419448,0.02374487635422865,0.03615163599273801,0.06201793587951758,0.1191638789898184
P1_Fertility_Vigor,2017,19898,19898,0,0,-2.41236470916164,185.9138926669794,-5588.25811868906,1.2441913149502406,1.8945198578492548,3.1502985128730856,4.593873429069063,7.464809310217303,15.821755913669675,24.57021907867102,56.76154112804579
P2_Drought_Vulnerability,2017,19898,19898,0,0,0.010130635897427536,0.0029656385948440976,-3.06284978807996e-05,0.005293835890677294,0.0060159991864755,0.007817737909321425,0.009868394228814949,0.012007980544089851,0.015398659510310083,0.018165307517182087,0.0240326806459217
P2_Fertility_Vigor,2017,19898,19898,0,0,-0.9111328886563561,169.66070627404378,-5671.476953566074,1.486929314821336,2.2360776410153758,3.6928901987736396,5.554677190100007,8.560079528985952,14.714073688734143,20.91478626307332,41.999435163575065
P3_Drought_Vulnerability,2017,19898,19898,0,0,0.02361566790633762,0.010444039063863824,-9.389946406334616e-05,0.009065369153743378,0.011145310156619475,0.01476903908774735,0.02196439473179755,0.030006731990018423,0.04302693980306293,0.054227099188472655,0.0815927589980605
P3_Fertility_Vigor,2017,19898,19898,0,0,-1.1897162901116105,208.1417573750211,-6352.521846950054,1.417763986115836,2.7425038825124277,4.7437221636904265,7.172260056170046,10.730772852383666,16.453648545951303,23.131635939991504,42.931839715285605
P4_Drought_Vulnerability,2017,19898,19898,0,0,0.0484344828950367,0.02483158651633144,-0.0002058753217233,0.012949898546405336,0.01629601439749476,0.02781465343058605,0.04650153824800575,0.0638586674999788,0.09331317903609938,0.11822540637379889,0.1783931044616383
P4_Fertility_Vigor,2017,19898,19898,0,0,-1.5062175930405444,253.13265830804986,-8123.332258880138,2.660200447128792,4.087291481588937,6.276132494094298,8.958186453273129,12.962268113645408,19.84779267830401,27.690633906387795,59.36322247605858
Cum_PPT_P1,2017,19898,19898,0,0,85.3454476769668,37.80065696952551,0.1936293542385101,2.945670249462127,25.96867427825927,54.91923713684082,86.80813217163086,114.1638526916504,143.6331634521484,167.12993087768535,217.467041015625
Cum_PPT_P2,2017,19898,19898,0,0,139.12149079147895,60.006775867823215,9.126129269599916,41.041580839157106,50.115338516235354,84.58642482757568,140.46955108642578,186.6497106552124,232.56279716491696,267.22045059204095,326.06520080566406
Cum_PPT_P3,2017,19898,19898,0,0,187.32536359701982,75.09171644507639,17.526220560073853,62.618852291107174,76.73244857788086,122.84028816223143,189.8124828338623,239.1654415130615,316.25888347625727,359.52041965484597,477.5882034301758
Cum_PPT_P4,2017,19898,19898,0,0,219.96567310816945,97.34126906537998,17.807499080896378,65.7193227505684,80.95052684135734,140.78817749023438,222.2074851989746,275.8974595069885,407.8996795654294,488.5783583068841,634.8972778320312
Cum_FDD_P1,2017,19898,19898,0,19464,0.019370194960744717,0.3027823502306784,0.0,0.0,0.0,0.0,0.0,0.0,0.0,0.3684700515866236,24.042787551879883
Cum_FDD_P2,2017,19898,19898,0,661,42.549584046594624,108.00124441505717,0.0,0.0,0.24571449533104894,4.052316188812256,9.075852394104004,43.52269744873047,166.84565505981305,604.415272788402,1629.0607318878174
Cum_FDD_P3,2017,19898,19898,0,661,43.405322815407175,112.45239737696288,0.0,0.0,0.2511342689394951,4.059444904327393,9.126809120178223,43.726725578308105,169.0324590270393,635.8087442730338,1804.50113105774
Cum_FDD_P4,2017,19898,19898,0,661,43.42049905401729,112.55826203960346,0.0,0.0,0.2511342689394951,4.059444904327393,9.126809120178223,43.734543800354004,169.0324590270393,636.3328745283159,1810.6510372161863
Cum_VPD_P1,2017,19898,19898,0,0,0.45823975221252716,0.18572341505256762,0.1538110226392746,0.24176119655370706,0.26920345723628997,0.36280643194913864,0.4181296229362488,0.5140728652477264,0.7432085096836087,1.4258697140216785,1.86688494682312
Cum_VPD_P2,2017,19898,19898,0,0,0.7030108853791188,0.20065955239850272,0.2828011363744734,0.4441987247765064,0.4928517833352088,0.6041578277945517,0.6753268241882324,0.7565548345446587,1.0438662543892854,1.729069874584674,2.2205777168273926
Cum_VPD_P3,2017,19898,19898,0,0,1.262152792152187,0.34604511474224625,0.4205146729946134,0.7520080949366093,0.8541842967271804,1.060749217867851,1.2080774307250977,1.416103072464466,1.938504722714424,2.738196012079714,3.6996259689331055
Cum_VPD_P4,2017,19898,19898,0,0,2.3966005807908166,0.7505311888117165,0.6095405668020246,1.1999157598614694,1.368004859238863,1.9265456795692446,2.362652599811554,2.7818691469728956,3.935248091816901,5.051779750883574,6.6891398429870605
Delta_NDVI_P2,2017,19898,19898,0,0,0.05970235514116004,0.20019965040269624,-0.7000320330262184,-0.4220859895646572,-0.30309011936187746,-0.06862144917249677,0.06777501106262204,0.20226369798183444,0.37035121768712986,0.4613946588337421,0.9086123108863832
Delta_NDWI_P2,2017,19898,19898,0,0,0.039074805084481475,0.2094628222190312,-0.748358465731144,-0.4693812197446823,-0.3417777406983077,-0.08680280623957506,0.05043654516339295,0.18530366988852615,0.3674869317561387,0.4469389612972734,0.8703779131174088
Delta_SM_P2,2017,19898,19898,0,0,-0.006006797639845337,0.01995215272560829,-0.0888383388519287,-0.049790691435337014,-0.03559561669826504,-0.016853924840688674,-0.00689785182476035,0.00033318623900402503,0.03623166158795352,0.05589860066771494,0.1454387605190277
Delta_NDVI_P3,2017,19898,19898,0,0,0.10017565411984238,0.12426752118378272,-0.5511358380317689,-0.19045596607029439,-0.0900690451264381,0.019419118762016276,0.09227789938449855,0.1701242849230766,0.3294669196009629,0.4263745929300785,0.5926757007837296
Delta_NDWI_P3,2017,19898,19898,0,0,0.1096418268911309,0.12302014867884742,-0.791650915518403,-0.16591759167611603,-0.06112832371145482,0.027710672467947,0.09647241933271289,0.17742374207591638,0.337865644879639,0.4444561799988143,0.587885282933712
Delta_SM_P3,2017,19898,19898,0,0,-0.04782712860260385,0.02969304060878164,-0.106118269264698,-0.08599494367837904,-0.08427880406379691,-0.0695941112935542,-0.05615864694118495,-0.03707112371921535,0.01765395998954757,0.03104474022984508,0.0427263975143432
Delta_NDVI_P4,2017,19898,19898,0,0,0.12196705695446577,0.14038263758066283,-0.479453980922699,-0.2132500582933426,-0.0901954740285872,0.0282811447978019,0.1055933833122253,0.21736687421798703,0.3641297191381454,0.45943259432911865,0.6512974053621292
Delta_NDWI_P4,2017,19898,19898,0,0,0.1514020178598112,0.1563135002931366,-0.4889797121286391,-0.1843620158731937,-0.06336557641625395,0.0402140319347381,0.12783282995224005,0.2521034227684139,0.4373437508940693,0.5546570776030416,0.7403508275747299
Delta_SM_P4,2017,19898,19898,0,0,-0.03229092281979746,0.02859370885275542,-0.1446327567100525,-0.09225019529461856,-0.0723637014627457,-0.052203968167305,-0.03679255396127695,-0.014828961342573025,0.02187725007534018,0.04030337512493127,0.1008074879646302
P1_WUE,2018,19878,19878,0,0,0.2767648815796458,0.29748871143885847,-0.0560254079502163,0.05546710488858418,0.07761186711122968,0.14407511649103413,0.23336348377911337,0.3249105961136988,0.5973317321838858,1.0291950173155935,8.514499579464585
P1_Decoupling_Stress,2018,19878,19878,0,0,3.5105567345988438,5.276496969880748,0.8674848686375453,1.1766316086206894,1.623043065724761,2.3035094598250394,2.8486613423749656,3.745371354015625,6.223806563996651,13.216638019747656,165.17209919660803
P1_Thermal_Efficiency,2018,19878,19878,0,0,0.0008111327962142958,0.00049533647367566,-0.0012722318811672,0.00021540924306702398,0.00028007203013939,0.000484537910324775,0.00069088506365375,0.000977345308781175,0.001873556523911099,0.002498092410687312,0.0052708790401791
P1_Hydrothermal_Balance,2018,19878,19878,0,0,3.5221421223992566,2.6280125800380287,0.0140412831376198,0.3052123567913898,0.5438099491931165,1.8028075740215033,3.0138709377190507,4.548178289312743,7.90903814410744,14.437703944487097,19.75341158995502
P2_WUE,2018,19878,19878,0,0,0.34731385619729876,0.26244301621534416,-0.1171720158569628,-0.05573533669597013,0.05475480290937872,0.16255224607066387,0.2776887484881864,0.46829173120569384,0.8684028670371602,1.1501005620020852,4.189221954730021
P2_Decoupling_Stress,2018,19878,19878,0,0,2.462362093139568,2.634609985735795,0.8881804881499473,0.9925636505287336,1.2213013384597153,1.6630557601567832,2.186653829729573,2.8680380193073844,3.283428972704848,7.90411602016281,63.486525806699966
P2_Thermal_Efficiency,2018,19878,19878,0,0,0.004882002313071009,0.005349718460068167,-0.0011620103387708,-0.00020736291598020295,0.001105884771868625,0.0020861274607769003,0.003277965009392,0.005625157001343125,0.01441554742815899,0.022260519624235083,0.2112137155046815
P2_Hydrothermal_Balance,2018,19878,19878,0,0,103.24777144714308,353.5255415797213,4.7207772795764695,8.918677804215642,15.04244947201216,28.77834356810323,41.942505836486816,83.24786447033792,413.6440486907949,671.5218620300292,28703.86804468706
P3_WUE,2018,19878,19878,0,0,0.6823458122157613,0.5145089120091799,-0.0160758434645411,0.1349026834731715,0.20050158634266305,0.36892348136821096,0.6106925770890601,0.9002301453529298,1.2989114181107935,1.5970335062679135,9.35082172362737
P3_Decoupling_Stress,2018,19878,19878,0,0,6.266739402085579,6.460546162622764,1.1080014592206904,1.350118261122114,1.5043887824410997,3.240715833413834,5.552251479334773,8.233528065072477,12.332895318566942,17.571920488914405,159.2117847091492
P3_Thermal_Efficiency,2018,19878,19878,0,0,0.0011425912525365393,0.00037502842291645133,-0.0010272317390454,0.00038946305855937,0.00055348902062469,0.0009086931060734249,0.00115212583116805,0.0013202658448600748,0.001871317738048895,0.002209898470574425,0.0042137753218762
P3_Hydrothermal_Balance,2018,19878,19878,0,0,7.002823306781592,3.4995584881339785,0.0856835471340578,0.6833432616026405,2.3738143739730617,4.8378636504888215,6.691602958400258,8.106429894269283,14.251458480456058,16.956044028304877,29.36269021407547
P4_WUE,2018,19878,19878,0,0,0.8883525513664127,0.3401734304310086,0.0026491006451942,0.21757303916450216,0.3720818647105653,0.6666422917727624,0.8840056716440353,1.0931713584996818,1.387397213760158,1.6063813670560088,5.483745236217161
P4_Decoupling_Stress,2018,19878,19878,0,0,6.113306180732932,4.09192048784331,1.5687006148420728,2.336185293113969,2.8583647458128216,4.5867406975308445,6.157625412473729,6.879289739926078,8.553226827110057,15.590367602107047,141.06113973765062
P4_Thermal_Efficiency,2018,19878,19878,0,0,0.002180493872915586,0.000541610353787831,6.112194078565482e-05,0.000547107080156391,0.001339298274833775,0.001962514902824175,0.0021925392544791,0.0024440041243266,0.002790541305224555,0.004348173292118855,0.0064705454716759
P4_Hydrothermal_Balance,2018,19878,19878,0,0,2.445572516370927,1.3761726665010567,0.1846314067832458,0.6713678001490587,1.114497148462179,1.5006790065405333,2.145099989259431,2.9906571184161925,5.008091312964646,7.626394440059872,10.684333679633983
P1_Drought_Vulnerability,2018,19878,19878,0,0,0.02110900379689446,0.00917139559728076,-7.310286825222955e-05,0.007894935826990803,0.01090003534468246,0.015289486801268851,0.01922336457798965,0.025335337818580026,0.03464327352712515,0.05524480084322694,0.1206801788424624
P1_Fertility_Vigor,2018,19878,19878,0,0,-0.506824494917812,183.94845222609385,-13841.513125419617,1.251867401969493,1.68449912313507,2.5468331080813864,3.651304036210816,6.309452026938004,16.194700527254188,24.09629502385576,4642.9401433467865
P2_Drought_Vulnerability,2018,19878,19878,0,0,0.012208845887789352,0.004123971072619867,-3.536334114226167e-05,0.005396110769256431,0.006490617090245355,0.008762917707832326,0.01188900075909675,0.015172777578008976,0.01930503085680292,0.022303233793434362,0.0363427299988071
P2_Fertility_Vigor,2018,19878,19878,0,0,-0.5247816151366699,147.84934431098242,-6472.231764256954,-0.477639103493943,1.6134713622616537,2.8159425995547096,3.937446485773023,5.78987980013523,12.178917706957328,19.918592013759707,712.1098136007786
P3_Drought_Vulnerability,2018,19878,19878,0,0,0.024893817280810495,0.01263188585098899,-0.0001000165569741,0.007614384083571123,0.00907034774629952,0.014101219557590774,0.0231782831411645,0.03333811050241002,0.046933133616984556,0.05773955111408535,0.1098858361262191
P3_Fertility_Vigor,2018,19878,19878,0,0,1.0410700208383041,194.91636289353474,-7744.621359229088,1.7729709694223188,2.5823228875529933,4.567397802017794,7.224515093746589,11.332045784732031,17.265897233425708,23.83745230810533,606.4746470823878
P4_Drought_Vulnerability,2018,19878,19878,0,0,0.03556349056797581,0.013529413951997646,-0.0001250369521924,0.015162200676758022,0.01815824207649249,0.024133912168567848,0.03437420295373375,0.04429849598068128,0.059135840676367464,0.07285552598043749,0.1282760474698231
P4_Fertility_Vigor,2018,19878,19878,0,0,0.5324253227511182,250.90901542952614,-8143.96591937542,2.0403878363055026,4.011724508395586,6.142021416884376,9.006315181669294,13.352163198730578,21.788370472420528,28.71944980737569,57.179143420731634
Cum_PPT_P1,2018,19878,19878,0,0,45.33376987594056,28.567713545098663,0.2960303127765655,3.875326161384583,6.795678758621216,24.67666339874268,41.053396224975586,60.57597351074219,95.08475189208984,140.9071319580078,194.98699951171875
Cum_PPT_P2,2018,19878,19878,0,0,78.08905764446015,37.82562141859052,4.176278382539749,19.02464784622192,34.89061002731324,50.92275023460388,69.9205470085144,95.65360927581787,147.84839725494385,205.54883087158203,271.0556869506836
Cum_PPT_P3,2018,19878,19878,0,0,153.4604670173482,61.679518521408994,6.457674324512482,29.194850215911867,74.55805552005768,104.9337660074234,148.5554759502411,185.81021022796628,269.6006860733028,336.5664900207519,376.878044128418
Cum_PPT_P4,2018,19878,19878,0,0,197.09466724384237,71.4144391313425,17.12199115753174,79.6828835964203,120.63410849571228,147.25352907180786,180.93090295791626,225.27362716197968,354.201532554626,441.48737621307373,535.8492393493652
Cum_FDD_P1,2018,19878,19878,0,19233,0.038613457284671755,0.38287798984700483,0.0,0.0,0.0,0.0,0.0,0.0,0.0,1.2914571416378005,17.870481491088867
Cum_FDD_P2,2018,19878,19878,0,219,115.76053127880206,119.64094271091011,0.0,0.0,28.458311080932617,69.72900581359863,89.3907699584961,117.44860076904297,310.2992034912108,745.246664408445,1438.130002975464
Cum_FDD_P3,2018,19878,19878,0,219,116.3480295226635,121.64051497133025,0.0,0.0,28.757404327392578,69.78427505493164,89.45513153076172,118.39306636154653,310.79308972954664,758.1547313737858,1566.6049785614014
Cum_FDD_P4,2018,19878,19878,0,219,116.4000908731473,121.95980852931785,0.0,0.0,28.757404327392578,69.78427505493164,89.4598388671875,118.39306636154653,310.79308972954664,760.5509510231011,1586.574594497681
Cum_VPD_P1,2018,19878,19878,0,0,0.508984877070031,0.16319590531251094,0.1687158793210983,0.19672480925917624,0.2873028978705406,0.44994915276765823,0.5096533894538879,0.5534460991621017,0.7022781372070312,1.3329887068271635,1.913207650184632
Cum_VPD_P2,2018,19878,19878,0,0,0.8006260113916007,0.1920430240594605,0.3243316709995268,0.38838045135140414,0.5428497210144997,0.7138925418257713,0.7966717034578323,0.8801338374614716,1.0345235869288443,1.696278039216994,2.38449999690056
Cum_VPD_P3,2018,19878,19878,0,0,1.3815779726371726,0.3775761031604317,0.6040299832820891,0.747568500638008,0.884786707162857,1.1292955353856087,1.34632708132267,1.5920001268386843,1.9515636414289474,2.9655185362696646,4.1060790717601785
Cum_VPD_P4,2018,19878,19878,0,0,2.2291899096617662,0.5624234971061741,0.9427268803119658,1.2121114857494828,1.441524855047464,1.8425305373966694,2.2142713963985443,2.5433715879917145,3.119150087237358,4.430011934638021,6.1283616721630105
Delta_NDVI_P2,2018,19878,19878,0,0,-0.0011645718401534744,0.1677688832485929,-0.8336212038993835,-0.42011912703514104,-0.2906119525432587,-0.10884858295321458,0.0111401677131652,0.11178762838244438,0.2631207887083289,0.36522027015685987,0.7315595746040344
Delta_NDWI_P2,2018,19878,19878,0,0,0.091955193948589,0.24546610118388446,-0.778189018368721,-0.5067413127422332,-0.2905075209215284,-0.03139099478721615,0.08100539725273845,0.1892314068973064,0.5390787802636622,1.0122619885951276,1.1680135279893875
Delta_SM_P2,2018,19878,19878,0,0,-0.042803925588661015,0.03594821084830951,-0.1058134734630584,-0.08403148174285889,-0.08054601103067392,-0.0725557170808315,-0.05364114046096795,-0.0227855667471886,0.0279463514685629,0.05414507418870921,0.0923751741647719
Delta_NDVI_P3,2018,19878,19878,0,0,0.21055705029015093,0.18370000101040812,-0.5358102321624756,-0.15025917008519174,-0.05627721995115274,0.07735047861933703,0.1889009177684784,0.3309067487716675,0.5361947409808633,0.694532651901245,0.8564065285027026
Delta_NDWI_P3,2018,19878,19878,0,0,0.11536298000755972,0.19105326079271814,-0.8859943598508835,-0.5631482732295989,-0.22297744825482366,0.02143625472672285,0.12716390378773212,0.23602851293981073,0.39662369582802043,0.4697111008316278,0.928095281124115
Delta_SM_P3,2018,19878,19878,0,0,0.009830606643109377,0.020429934944325004,-0.0642817616462707,-0.04069862082600585,-0.02376363873481737,-0.0056508779525757,0.012081593275070149,0.026706911623477825,0.03887792676687232,0.04380311161279676,0.0523745119571685
Delta_NDVI_P4,2018,19878,19878,0,0,0.12505787712287497,0.14499611499148035,-0.5318674743175507,-0.1894600039720535,-0.11119017601013177,0.0334017872810363,0.1173813939094543,0.21726882457733152,0.3740909859538075,0.47229950308799734,0.7707225307822226
Delta_NDWI_P4,2018,19878,19878,0,0,0.17073547429454902,0.1407770282949331,-0.4999596551060675,-0.1437346316874028,-0.023463374376296968,0.07859417796134949,0.14938660711050034,0.2516191210597753,0.43043492734432226,0.5593719192221758,0.7552876025438309
Delta_SM_P4,2018,19878,19878,0,0,-0.0068241583648366196,0.04790740792955929,-0.0993329882621764,-0.09095972061157225,-0.07276165187358845,-0.04791523516178125,-0.01266667246818535,0.0278459973633289,0.08244542852044093,0.09128614857792852,0.0984363108873367
P1_WUE,2019,19965,19965,0,0,0.3316979753788784,0.23285776582907317,-0.0675157442993394,0.08714232789307882,0.1202045633620305,0.2004708872983093,0.2893766428582273,0.4057972633671105,0.6836093135164727,0.9912482939597596,10.60564873931191
P1_Decoupling_Stress,2019,19965,19965,0,0,5.781733539244413,2.602855193146973,0.4323826116359435,1.8627411091876265,2.6950157654983973,4.103601032023867,5.778942609620334,7.447540978744524,9.023594187884497,9.661498121026726,137.05563469976863
P1_Thermal_Efficiency,2019,19965,19965,0,0,0.000772619496903556,0.00198034464746044,-0.0009869655807303,0.000227281447149444,0.00027568458402298004,0.0004137403959395,0.0006002312808008,0.0009039154400613,0.0016966555410756594,0.0029911936093743843,0.253484308719635
P1_Hydrothermal_Balance,2019,19965,19965,0,0,2.9403531683307365,5.270369530326676,0.0209699263940307,0.469232513322115,0.6417344305255859,1.8142799001639047,2.8104814772128246,3.813951169471196,5.055320018024726,5.967547652583557,475.9946060180664
P2_WUE,2019,19965,19965,0,0,0.48371441048078245,0.29893282890452577,-0.0391807262752968,0.07210011377482294,0.11476194328168722,0.2432175195604676,0.4211722199082442,0.6735037762627897,1.0576144734170705,1.2931087201340092,1.883844246530647
P2_Decoupling_Stress,2019,19965,19965,0,0,1.98922596313052,1.0267107397033566,0.3516968003617918,0.8673432511888637,0.9096720762144689,1.1915276643896642,1.8397934363532653,2.4511613939300605,3.6337129011539577,5.058082417141854,20.815508647614465
P2_Thermal_Efficiency,2019,19965,19965,0,0,0.005738238090879912,0.013423906295184883,-0.0042269676542714,0.000814638388257872,0.00131837110379524,0.002583297542639,0.0039742593610704,0.0058276891337691,0.013039630736142692,0.01943715229218455,0.3628720641136169
P2_Hydrothermal_Balance,2019,19965,19965,0,0,62.61498870274188,199.6086304663669,7.092261643797465,7.9796286284746465,12.158964330853976,16.665860473811133,23.42339435535128,43.35823881550839,241.9783897399902,694.5448851869511,17633.880964887147
P3_WUE,2019,19965,19965,0,0,0.7935028361126756,0.4269981114507362,-0.0249496680500613,0.10342321177917811,0.17131120403394584,0.4441458731560945,0.77585247194779,1.1156341543709158,1.4795124176964853,1.6845751345767677,11.33567560684918
P3_Decoupling_Stress,2019,19965,19965,0,0,5.915158667300807,3.7373346046333897,0.3375199582418888,1.5503147229249505,1.7876006671596176,2.798539679033612,5.632706255634685,8.688074923871012,10.561061481258756,10.987781024897695,164.5884967156689
P3_Thermal_Efficiency,2019,19965,19965,0,0,0.0013286452383481156,0.0022924233125110453,-0.0002846319846583,0.00038339498709017604,0.0005791950993959401,0.0010268336396822,0.0012901245653171,0.0014793865653807,0.002223512109899979,0.002598271995324228,0.2160831540822982
P3_Hydrothermal_Balance,2019,19965,19965,0,0,4.3840857284683485,5.537718266633649,0.1026758423595491,1.9249495184258418,2.164755625688616,2.662068822137498,3.42487638980697,5.294879819924023,9.063792699326267,14.240831530421191,421.8827819824219
P4_WUE,2019,19965,19965,0,0,1.0182604208933932,0.4816978062454018,0.0073889429480166,0.16108235283187208,0.31358575242446685,0.7013286246823862,0.9804066667018936,1.3009418500103502,1.788211363731717,2.297831559393022,15.56991777975104
P4_Decoupling_Stress,2019,19965,19965,0,0,6.026518785626653,3.2169326961033518,0.541581226807896,1.8873050348671385,2.6433738959490216,4.109190262453786,5.948131934255352,7.60521238035692,11.194559024697787,12.862256586249561,175.94931294969217
P4_Thermal_Efficiency,2019,19965,19965,0,0,0.002483131286826056,0.002480348079041044,0.0001056098787535,0.000785656832523204,0.0012362398243598,0.0019644405341734,0.0024419471243931,0.0029243113868761,0.0035658479744830793,0.0048252729921900534,0.2624698877334595
P4_Hydrothermal_Balance,2019,19965,19965,0,0,1.79628210035089,3.9264833256122285,0.0254678115574514,0.03506480098169766,0.3567692502296646,1.1392519039688502,1.5121671334946714,2.068439972953222,3.597948801242607,6.809647852763871,331.1405563354492
P1_Drought_Vulnerability,2019,19965,19965,0,0,0.02787444859058912,0.010777824998739027,-0.0001066931785103,0.010868536834145048,0.01305932994696526,0.0193058520938331,0.0267364383700912,0.034575881210113,0.047547498849658094,0.056800461558417004,0.1080074988844106
P1_Fertility_Vigor,2019,19965,19965,0,0,0.39347550888278177,141.2295688138033,-6293.27956277132,1.023321809507415,1.3747018252466003,2.3327307044294088,3.4456549335369,6.382920609871235,14.566189417795554,23.771661109835858,45.43256634695399
P2_Drought_Vulnerability,2019,19965,19965,0,0,0.010848641853465981,0.003920475444942776,-3.5289935908109496e-05,0.005098056368773044,0.00584261247569686,0.0074447963401039,0.0103685188065335,0.0136853486852853,0.01788686240726646,0.020485986959505372,0.0279179084795027
P2_Fertility_Vigor,2019,19965,19965,0,0,1.9302992390711988,138.85348149479498,-6043.903767943382,1.3574070571502812,2.1158042512865505,3.793774585036772,5.637733186849572,8.542854150374522,14.004424989637021,18.991811782234716,34.975677563943464
P3_Drought_Vulnerability,2019,19965,19965,0,0,0.0273957995032781,0.012935971623999514,-0.000100723104707,0.008694902817355313,0.01063974840731082,0.015415487309603,0.0264429598066777,0.0372016974226684,0.04972836911742224,0.05742063388977765,0.0934678924279277
P3_Fertility_Vigor,2019,19965,19965,0,0,2.749673685771043,163.17291887907183,-7528.759096562862,1.7123837440479581,2.7886808497783364,4.932010614135152,7.111949927884666,10.693750661039983,16.542599590863436,23.117228529492383,40.08806972654361
P4_Drought_Vulnerability,2019,19965,19965,0,0,0.03185477929955554,0.014955006866623804,-0.0001555166843575,0.012810195982209425,0.01504736815654482,0.0202875152441064,0.0291530668384747,0.0394791897434212,0.059813538325886074,0.08286116221483583,0.1277310920821835
P4_Fertility_Vigor,2019,19965,19965,0,0,3.328203659259862,192.5643795914771,-8258.362017989159,2.494447262234842,3.922164864808292,6.187024456979088,8.69190201729134,12.43585110766071,19.438502399227353,26.656059633471166,48.06083663013851
Cum_PPT_P1,2019,19965,19965,0,0,38.19568363033812,18.583093270058963,0.2101490497589111,7.418614826202392,9.04328784942627,24.205684661865234,36.55117034912109,55.097442626953125,65.30188903808593,78.12012695312502,98.87315368652344
Cum_PPT_P2,2019,19965,19965,0,0,73.06809784283607,42.68890302511801,8.338824272155762,13.865975074768066,16.51887083053589,40.73915910720825,63.98895072937012,104.3174285888672,150.18290405273436,192.12759246826175,245.49584197998047
Cum_PPT_P3,2019,19965,19965,0,0,116.88674075546837,58.004855229115,14.065804481506348,37.57216197967529,43.772411251068114,71.45845603942871,104.30706787109376,153.7922325134277,220.8288917541504,298.81977691650394,453.3469772338867
Cum_PPT_P4,2019,19965,19965,0,0,145.22879240124516,66.89176822870384,15.603149592876434,63.19956830024719,67.68364391326904,91.04727363586426,130.8299732208252,189.1398582458496,267.58372039794915,342.8706620788575,525.1597900390625
Cum_FDD_P1,2019,19965,19965,0,19344,0.07025431341380865,3.0761641393028003,0.0,0.0,0.0,0.0,0.0,0.0,0.0,0.6229463076591614,296.81103515625
Cum_FDD_P2,2019,19965,19965,0,155,75.63239091828213,133.23537110039908,0.0,0.32127327561378505,6.890881216526031,24.08622932434082,38.345645904541016,84.48784637451172,205.48789062499998,833.3818728637713,1643.6476774215698
Cum_FDD_P3,2019,19965,19965,0,155,76.06088870204104,136.02942260589577,0.0,0.32127327561378505,7.040222632884982,24.133420944213867,38.43136978149414,84.48950958251953,205.48789062499998,845.9064718627945,1699.84725356102
Cum_FDD_P4,2019,19965,19965,0,155,76.10634994919076,136.4101690285514,0.0,0.32127327561378505,7.040222632884982,24.133420944213867,38.43136978149414,84.48950958251953,205.48789062499998,848.7412742996235,1723.870015859604
Cum_VPD_P1,2019,19965,19965,0,0,0.6747400413874901,0.16365445450533725,0.0864922180771827,0.30963961601257317,0.4304064691066741,0.554482638835907,0.695199191570282,0.7972230315208435,0.8604862928390503,1.0913385963439943,1.7460079193115234
Cum_VPD_P2,2019,19965,19965,0,0,0.9361975711116121,0.19793045597463146,0.168089210987091,0.4951765620708465,0.6305026680231093,0.7967338860034943,0.968703106045723,1.0747331827878952,1.1601803362369536,1.44337051153183,2.113454610109329
Cum_VPD_P3,2019,19965,19965,0,0,1.5841867945075125,0.3868969947526741,0.2472009584307669,0.8091635054349899,0.9629352241754532,1.2852818965911863,1.6507008373737335,1.86533597111702,2.0868979394435883,2.4492983412742615,3.966335564851761
Cum_VPD_P4,2019,19965,19965,0,0,2.3462024841262616,0.6003316498362354,0.3794829621911046,1.217500091791153,1.4387814581394196,1.8818836361169813,2.3772369623184204,2.7276344001293182,3.1967292010784147,4.0345286488533025,6.183553248643875
Delta_NDVI_P2,2019,19965,19965,0,0,0.12687034540811848,0.23698449845323125,-0.732174888253212,-0.4288176423311234,-0.2900402449071406,-0.0353187918663024,0.1446703746914864,0.3011542856693268,0.49386635124683376,0.5861086863279344,0.8056767582893372
Delta_NDWI_P2,2019,19965,19965,0,0,0.1355886418002474,0.23157380351987109,-0.7067925482988358,-0.44123636435717334,-0.29202370047569276,-0.0073869470506906,0.1479107961058616,0.2973470836877822,0.4985139206051826,0.588281715810299,0.8024645075201988
Delta_SM_P2,2019,19965,19965,0,0,0.04280813149100266,0.03759599628409744,-0.0707952678203583,-0.024838812351226824,-0.0056583106517792,0.0098756402730942,0.0405196994543076,0.0699408054351806,0.10724128484725948,0.1219784998893738,0.1249584853649139
Delta_NDVI_P3,2019,19965,19965,0,0,0.10765272897826551,0.10558060098905826,-0.4590280055999756,-0.1516301846504211,-0.05282138586044312,0.0363118946552276,0.1040956974029541,0.1767764389514923,0.2846241831779479,0.36309152007102996,0.6771904770284892
Delta_NDWI_P3,2019,19965,19965,0,0,0.12882699074027634,0.10239268706779532,-0.9924595206975936,-0.11191839737817638,-0.017419214174151397,0.0624609887599945,0.127905935049057,0.1920689456164837,0.29278476648032664,0.3795971636474133,0.5539021492004395
Delta_SM_P3,2019,19965,19965,0,0,-0.02774558643449628,0.024180625155788896,-0.111247181892395,-0.0646774971485138,-0.06206035017967216,-0.0500845313072205,-0.0262389183044433,-0.0080148577690123,0.008339038491248996,0.02199633836746208,0.0583480298519135
Delta_NDVI_P4,2019,19965,19965,0,0,0.10247795177848006,0.14059962485742564,-0.5097196251153946,-0.23016925334930413,-0.11930174827575682,0.0127868056297302,0.0989126563072205,0.1863572001457214,0.33909048140048975,0.4659328186511994,0.7976000532507896
Delta_NDWI_P4,2019,19965,19965,0,0,0.13920983453615013,0.13082999921046942,-0.5145800560712814,-0.13493181079626088,-0.04653544075554236,0.0545728895813227,0.126775175333023,0.2111641168594361,0.37020900100469595,0.5242987143993378,0.8229950368404388
Delta_SM_P4,2019,19965,19965,0,0,0.0007481813114514297,0.03896025803786012,-0.094918668270111,-0.07902323603630053,-0.07339605093002316,-0.0146301984786987,0.0001460909843445,0.0181774199008941,0.06737776100635527,0.0883662104606629,0.1711734719574452
P1_WUE,2020,19920,19920,0,0,0.34830305556474117,0.21499773626869498,-0.020477979919871,0.10440901742649936,0.13860510771822718,0.20560735468599656,0.2865537096347389,0.42084676581010416,0.7756851962195939,1.157389777916722,2.3636950453597043
P1_Decoupling_Stress,2020,19920,19920,0,0,4.801458198551222,1.6084663258738652,1.0422841551231392,1.4867688836384219,2.14066438670599,4.0324545126414355,4.580185329384847,5.5451486971757955,7.054244544122677,11.101851205505753,12.279388850177602
P1_Thermal_Efficiency,2020,19920,19920,0,0,0.0009026759905844561,0.0003876842522103456,-0.0002583711044141,0.00031775271439945103,0.000426541052575855,0.0006268040449939249,0.00082609555142835,0.001089462514005575,0.0016816791936545947,0.0020993116526705677,0.0034428644937717
P1_Hydrothermal_Balance,2020,19920,19920,0,0,2.0819073712809226,1.8449108287987044,0.1354362179352005,0.48142367710326694,0.5502570431311793,1.078869233457645,1.7358143394959609,2.09802338620502,5.685642429811803,9.542143291387886,16.02670115511757
P2_WUE,2020,19920,19920,0,0,0.5089078684214587,0.2565507267489972,0.0148212845957293,0.1051295802765765,0.15705144971057686,0.29097619683509335,0.480577353712565,0.7010531413774646,0.9645719198648883,1.1171267885115281,1.5125174009148497
P2_Decoupling_Stress,2020,19920,19920,0,0,1.6321609019302843,0.4838766814861988,0.7284441062215816,0.9393222929456304,1.068817880474649,1.2942684711204333,1.5598586698763155,1.860320435117482,2.2473732482167708,3.546523824942234,3.713487589374577
P2_Thermal_Efficiency,2020,19920,19920,0,0,0.003320387599061959,0.002525098982272542,0.0003479123095512,0.000891156938872434,0.0012211060917505301,0.001992849019092175,0.00271555469384235,0.0037327427669236997,0.0075817334058492355,0.011778130692982438,0.1291483506954536
P2_Hydrothermal_Balance,2020,19920,19920,0,0,49.15258644311979,363.3415558406813,13.813184049281132,16.64588250239603,19.26446699614209,21.453010442620368,24.225761333610293,31.647902566884376,109.97620248772145,438.5580652544994,32070.43683272379
P3_WUE,2020,19920,19920,0,0,0.9092089340519736,0.39883165771186174,0.0343015119426396,0.15900620335113616,0.24336047506767938,0.6011524315013557,0.942331786242204,1.210036284931556,1.5268036452097442,1.7339470933853478,2.4247809184858222
P3_Decoupling_Stress,2020,19920,19920,0,0,5.4373614749554715,2.252561849756911,1.4194710451244283,1.8279222421537025,2.3005197692823867,3.4467228794451175,5.264720480083684,7.008292941844425,8.91657085201256,11.687770709477908,12.162742526897931
P3_Thermal_Efficiency,2020,19920,19920,0,0,0.0013786166898440448,0.0003799149700828357,0.0002153776884193,0.000466687025300579,0.0006730562123795851,0.001185937139260575,0.00141519363896435,0.0015463142632921,0.002071947222355735,0.0022830510662650593,0.0030655370218402
P3_Hydrothermal_Balance,2020,19920,19920,0,0,4.398122662625411,1.7042432333194495,1.3760808315926796,1.7787171703482827,2.19558939334029,3.595377367575109,4.091187901944387,5.030959581272107,7.00462827747501,12.018930946089396,16.815951143911963
P4_WUE,2020,19920,19920,0,0,1.412644486751436,0.623581962783557,0.0071741212330394,0.25023540528260446,0.39298828888663184,0.9372624959611268,1.3988896690980277,1.886803250768629,2.4357905360583345,2.6991681192867434,3.75185906039978
P4_Decoupling_Stress,2020,19920,19920,0,0,10.45517256924201,4.43166052030288,1.4327865509569675,2.536249227053437,3.2027335354432593,6.194106283972375,11.259087349969567,13.670434650058727,17.458538349736102,18.101163700532855,20.731400310892
P4_Thermal_Efficiency,2020,19920,19920,0,0,0.002467359665592469,0.0005689762477582333,0.0001260771880713,0.000825457698320469,0.0013319633500958599,0.002177367244955775,0.002597385427112,0.002848488463358125,0.0031625426413776797,0.0036061699635371717,0.0054499340270409
P4_Hydrothermal_Balance,2020,19920,19920,0,0,0.9287550750100243,0.8659253931994331,0.0219569060636259,0.06753514346517618,0.09438898495364545,0.29784238947645403,0.6050372998217584,1.264177518217936,2.7010314640138877,3.8613115526135506,8.384711151002145
P1_Drought_Vulnerability,2020,19920,19920,0,0,0.027396238557815134,0.008674423034988225,-0.0001116336118658,0.01021280434345961,0.016368045842378366,0.021390465895684052,0.025900188422830303,0.03223830974273485,0.043639092741314126,0.05320756471482865,0.0832304409393411
P1_Fertility_Vigor,2020,19920,19920,0,0,-0.7424409631895779,160.6647759337451,-8487.467704296112,1.1874496976747193,1.5108511458276,2.4164691194652193,3.719160193352593,5.937926632521908,12.219277434025367,18.222649136937825,38.40884502138624
P2_Drought_Vulnerability,2020,19920,19920,0,0,0.009553349015694833,0.0026671610982587205,-2.974548608714116e-05,0.005220414630114726,0.00600298508118832,0.0073641013351185,0.00929968611234865,0.0113047532258383,0.014306495828854715,0.016572526938363356,0.0224809454980747
P2_Fertility_Vigor,2020,19920,19920,0,0,2.0324907098024125,145.2653561299115,-6974.481200695038,1.555107284706593,2.320625039179419,4.089612317396018,6.062507011281355,9.310428522757732,14.337047295779948,20.38622401223222,37.48389393431353
P3_Drought_Vulnerability,2020,19920,19920,0,0,0.025652023325188317,0.010706923899836688,-0.0001042790559737,0.010476097453559933,0.01247088806492439,0.016118934124242326,0.024303112845301747,0.033138739497525146,0.04499440645991932,0.05410940359023841,0.0763565659012635
P3_Fertility_Vigor,2020,19920,19920,0,0,3.3687282204429,177.7945892156743,-8148.121139645576,1.845722896711015,2.905125314287101,5.500169838753521,8.181161714145958,12.993235768183807,18.989234888209705,26.02938629547794,43.74640751911443
P4_Drought_Vulnerability,2020,19920,19920,0,0,0.04835887529017182,0.0195204569113113,-0.000151978640296,0.01627584641059488,0.021136065421698304,0.030647369212577,0.0480119724607687,0.06252419381903696,0.08079370640130842,0.0926613461020458,0.1347831565906014
P4_Fertility_Vigor,2020,19920,19920,0,0,2.663795927366335,222.72855167547547,-8882.85133588314,2.1007885390078616,3.580881909354307,6.7696603861391935,9.345100356519879,13.29280049109275,19.844389406196704,26.309144876715948,46.194680614135
Cum_PPT_P1,2020,19920,19920,0,0,28.95909598542744,19.799301458137844,2.394930601119995,6.908743929862976,7.760712766647339,16.40308666229248,26.12350559234619,32.25899696350098,68.63511619567869,95.92292167663591,155.1114501953125
Cum_PPT_P2,2020,19920,19920,0,0,104.75387305900993,34.97332317654237,30.71411323547364,32.69482955932617,43.59041137695313,80.89019346237183,111.55937194824219,126.28097963333131,151.55256261825562,198.96683165550238,245.2418975830078
Cum_PPT_P3,2020,19920,19920,0,0,153.1569941455461,49.9663780673075,59.16470432281494,60.382848014831545,73.18544092178345,120.36688184738159,158.64031648635864,177.32790756225586,228.55080618858332,328.6816788673403,415.07713413238525
Cum_PPT_P4,2020,19920,19920,0,0,168.78994121553907,53.066464324160066,84.02211952209473,85.52767387390136,91.45116782188416,132.8719471693039,169.41285383701324,194.251211643219,252.76825108528135,361.14622610092175,486.4603433609009
Cum_FDD_P1,2020,19920,19920,0,19890,0.00027609588710466665,0.014950503965447764,0.0,0.0,0.0,0.0,0.0,0.0,0.0,0.0,1.4534915685653689
Cum_FDD_P2,2020,19920,19920,0,677,19.757531087999478,32.14050598920771,0.0,0.0,0.07042743563652037,2.295304298400879,6.075692653656006,31.107306957244873,68.97718658447262,125.94898460388245,927.2012312412262
Cum_FDD_P3,2020,19920,19920,0,332,19.799704600644446,32.22766604890887,0.0,0.0,0.2252673596143722,2.3246354460716243,6.083818435668945,31.232070725411184,69.02970085144042,125.94898460388245,941.348025560379
Cum_FDD_P4,2020,19920,19920,0,332,19.799704600644446,32.22766604890887,0.0,0.0,0.2252673596143722,2.3246354460716243,6.083818435668945,31.232070725411184,69.02970085144042,125.94898460388245,941.348025560379
Cum_VPD_P1,2020,19920,19920,0,0,0.6759885337203742,0.13099307009016714,0.2105566263198852,0.2730921784043312,0.3861911907792091,0.6448438614606857,0.7000948190689087,0.7295221388339996,0.7982371926307675,1.0873581945896154,1.14885151386261
Cum_VPD_P2,2020,19920,19920,0,0,0.9097466541723495,0.14156806129388425,0.3545504063367843,0.4634508456289768,0.6326788991689681,0.8682458437979221,0.9343906119465828,0.9638123512268068,1.0207434639334678,1.387888859808445,1.4454882740974428
Cum_VPD_P3,2020,19920,19920,0,0,1.5232447870217831,0.256041257190871,0.6497604548931121,0.8407214319705962,1.1824066109955311,1.3755689077079296,1.513470634818077,1.6635874807834625,1.7673652745783326,2.424510304331779,2.469259560108185
Cum_VPD_P4,2020,19920,19920,0,0,2.686957666832191,0.4586935489825426,0.8892678320407865,1.3388122430443763,1.859410191327333,2.2979931943118572,2.79819093644619,3.0686664916574955,3.2193752944469454,3.4110233804583556,3.5494813919067383
Delta_NDVI_P2,2020,19920,19920,0,0,0.15592752242452432,0.21866175673690597,-0.6596284210681915,-0.3987011653184891,-0.24956721812486654,0.0071596726775168505,0.19402910023927689,0.3235035389661789,0.45602847933769225,0.5278346538543703,0.6746029853820802
Delta_NDWI_P2,2020,19920,19920,0,0,0.19569302303344815,0.1921743886537231,-0.5635502189397811,-0.29469233190640803,-0.1712026689201594,0.07344668917357919,0.22963137272745354,0.3402485577389597,0.46048482358455645,0.5222749754041434,0.6554634049534797
Delta_SM_P2,2020,19920,19920,0,0,0.05813085481778802,0.051219634476779165,-0.059708446264267,-0.056037389934062876,-0.03611735701560972,0.030201118439435976,0.056424818933010004,0.08736702054738997,0.14855575039982782,0.17347134679555923,0.1847682595252991
Delta_NDVI_P3,2020,19920,19920,0,0,0.16080072130072848,0.1137765020332016,-0.4523086994886399,-0.08005565732717516,-0.007914198189973748,0.07918331027030942,0.1564758121967315,0.23412252962589258,0.3574342444539069,0.44609948605299055,0.6423622369766235
Delta_NDWI_P3,2020,19920,19920,0,0,0.14161218361120614,0.1019868295373408,-0.4636537879705429,-0.0987911553308367,-0.01419377364218225,0.07562637701630592,0.1416014060378074,0.20614819973707202,0.3101601026952267,0.38786441259086135,0.5320611745119095
Delta_SM_P3,2020,19920,19920,0,0,-0.030638544745444016,0.014254608005742858,-0.074790358543396,-0.05101501971483224,-0.048011799901723794,-0.04240867868065827,-0.0320523902773857,-0.023228950798511547,-0.003896184265613478,0.018810107111930773,0.0305432379245758
Delta_NDVI_P4,2020,19920,19920,0,0,0.07214775534148467,0.1380698324882086,-0.6238602101802827,-0.35130907952785495,-0.13965474367141723,-0.0103896111249923,0.07050955295562746,0.15740388631820673,0.2878256738185882,0.4159583973884599,0.6892196834087372
Delta_NDWI_P4,2020,19920,19920,0,0,0.0764685993920466,0.12439627780349254,-0.5801231861114501,-0.272886968255043,-0.13032505959272384,0.011352561414241751,0.07565978169441215,0.1478478414937854,0.2733879618346691,0.38778366146609194,0.6915411949157715
Delta_SM_P4,2020,19920,19920,0,0,-0.04859742426040419,0.03759317813708295,-0.1074685901403427,-0.0904520981013775,-0.08380735516548155,-0.07091668620705602,-0.059378586709499345,-0.03570491075515743,0.005813178420066749,0.11307002440094958,0.1240385770797729
P1_WUE,2021,19895,19895,0,0,0.3487959087954048,0.20272176386977647,-0.0526447832609809,0.0860997896078722,0.12207160066387805,0.20693109525340475,0.2996201426732547,0.43986846344108677,0.7379937666265179,1.042228642318113,2.1624424879557105
P1_Decoupling_Stress,2021,19895,19895,0,0,4.515096901691933,1.599895361560189,1.2328591342535482,1.4968621821759998,2.2695874063366768,3.277846826929382,4.090172151614524,5.827293551808104,7.2400191986613205,7.753312202007012,9.550178005556443
P1_Thermal_Efficiency,2021,19895,19895,0,0,0.0008858296167059538,0.00043924579404330046,-0.0007136415378057,0.000299267207559696,0.00038175232021160003,0.000565574347185,0.0007840284004101,0.0010988534420237,0.0017570754833975692,0.00233513043924097,0.0048504177149593
P1_Hydrothermal_Balance,2021,19895,19895,0,0,1.5099615656910963,1.585731493056072,0.1247843153043685,0.18737594861983475,0.26835575830614694,0.6005437032796413,1.0409936867355245,1.7862513173797088,4.2839490854454745,8.770588917013725,11.672642316543152
P2_WUE,2021,19895,19895,0,0,0.46542435335871485,0.28243133763355927,-0.0179926543875566,0.08970811210705586,0.1392015142794669,0.24300298502731488,0.3889223422153818,0.6337060489677939,1.0324869874940146,1.267123296984735,1.6472538638775198
P2_Decoupling_Stress,2021,19895,19895,0,0,2.5700300131633695,1.0574210772625876,0.8153504482565034,1.2198785935454848,1.358332762521562,1.6764475190526786,2.2811849358154634,3.3499633354603437,4.450512986898973,5.754604287358591,6.149170597156206
P2_Thermal_Efficiency,2021,19895,19895,0,0,0.002912502904113968,0.0014656251237711536,-0.0003648106892749,0.000790747729739852,0.0011621500962571,0.0019666380773945497,0.0026546518614089,0.00341050465212565,0.005852311607978337,0.008029619250928289,0.0239094979128394
P2_Hydrothermal_Balance,2021,19895,19895,0,0,40.604698096999904,265.35769013302587,3.321755616677361,4.156262758092299,5.012945797116519,6.7606000885896425,9.945050560430005,16.95019268925428,153.98727798461908,464.6466422178933,27758.422331566704
P3_WUE,2021,19895,19895,0,0,0.7632860657323047,0.35155611815745136,-0.0190060948322576,0.11792674014463168,0.19965403522682343,0.46800327203502623,0.7961108908277629,1.040157268964015,1.298885986405783,1.469165340804459,2.077871460467731
P3_Decoupling_Stress,2021,19895,19895,0,0,3.9303112029837712,1.6406966860798913,1.1845947060946638,1.6924933155375943,2.0580652498085796,2.6625672216731697,3.4784267089041,4.961853530870915,6.601581673563365,9.007663017330458,9.585189866654046
P3_Thermal_Efficiency,2021,19895,19895,0,0,0.0014451484379005913,0.00044946547421335697,-0.0003527888818889,0.00040675158527129596,0.00064885741079075,0.0011940507193823999,0.0014790131317655,0.0016418376264002998,0.0023412039080008503,0.0024983197903422315,0.0030445088348258
P3_Hydrothermal_Balance,2021,19895,19895,0,0,6.323452805984558,2.8116691601836905,1.1080150088787544,1.2509699111231933,3.8703912911576257,4.345553778506266,5.976469765915769,7.612493549002302,11.161937113232526,15.570352456108266,25.979240918540725
P4_WUE,2021,19895,19895,0,0,1.0526609090392116,0.5122093132116691,-0.0323763344640796,0.1712836728368218,0.33401333715902803,0.7172733392241006,0.9627106741295858,1.3209701068199808,2.0898524138909425,2.503772530103751,3.4426854362715846
P4_Decoupling_Stress,2021,19895,19895,0,0,6.253269987530208,3.8470748816948896,1.0058280402123672,1.876658648577163,2.2328209173904847,3.6080292415002226,4.908428022046295,7.95308056545259,14.641009320841345,17.604185711523172,18.231419199146444
P4_Thermal_Efficiency,2021,19895,19895,0,0,0.002635606198601084,0.0006268310940630591,-0.0007846609641805,0.0008305391570096881,0.00142609720130594,0.00235352311816265,0.0026942300224403,0.0030479868830926,0.00350611446248298,0.0039287906779330315,0.0052097248757345
P4_Hydrothermal_Balance,2021,19895,19895,0,0,2.679193846941919,1.585613405954114,0.0640985922874969,0.11548277131294012,0.29796520668095605,1.7272831593638545,2.771013062349135,3.32025420690901,5.161176207621741,7.4876656416296585,12.264225378474377
P1_Drought_Vulnerability,2021,19895,19895,0,0,0.026437348616562786,0.009346416460283715,-8.423638091774873e-05,0.01114900251956109,0.01470071437394984,0.018777872941533602,0.0246238459238679,0.0333376801570068,0.043158671956151334,0.05015692409369433,0.0773839230342455
P1_Fertility_Vigor,2021,19895,19895,0,0,-2.7607735444641928,197.53532707198758,-8274.438167095184,0.9437574897304727,1.3038392450980139,2.3161133061250467,3.8460961411939247,6.24575034782535,12.15344346865656,18.383510804654556,2034.935540154576
P2_Drought_Vulnerability,2021,19895,19895,0,0,0.013112448295221962,0.0040343878201317815,-4.145173125930907e-05,0.006647457778419524,0.0076482320792906995,0.009841905823993202,0.0126708948646445,0.0159584525198707,0.02001976832847571,0.023627143940725823,0.0347211525583516
P2_Fertility_Vigor,2021,19895,19895,0,0,-0.7278419849417624,176.6102557165492,-7600.347248196602,1.1954166963910429,1.7407616519428242,3.0784829622539287,5.261008694235897,8.876993380774138,14.478164920370135,19.119327867447222,36.49167235228924
P3_Drought_Vulnerability,2021,19895,19895,0,0,0.021439966785973714,0.009590522326483384,-9.108716254175228e-05,0.008510094107610935,0.010602043299952811,0.013099019596352849,0.0192972691792814,0.027781293378692347,0.03984621977901435,0.04723962419295498,0.0712601486850428
P3_Fertility_Vigor,2021,19895,19895,0,0,-0.7073326989563539,238.07981264458246,-7889.3960992097855,1.585053652845328,2.7745771338226177,5.3185725491668014,7.77020458057808,12.299110985576988,18.166419042963568,24.87255702679741,43.65888604675774
P4_Drought_Vulnerability,2021,19895,19895,0,0,0.03326310387917769,0.016773766953335503,-0.0001511751766708,0.010741786601059617,0.01379983715915083,0.01923066378668315,0.0302435625482456,0.0432147838283818,0.06522117032082266,0.0817084853717363,0.1168061107450622
P4_Fertility_Vigor,2021,19895,19895,0,0,-1.897682331566759,280.90089579674776,-8502.508028268814,1.932524093793264,3.820311919115539,6.143769963311186,8.946138861242163,12.84791971428183,20.077394195816396,27.1735648450966,54.884103988185416
Cum_PPT_P1,2021,19895,19895,0,0,19.954802209110408,17.060850544818024,1.559170842170715,2.489836320877075,3.7326108694076536,8.67479658126831,15.406476974487305,24.923916816711426,52.3006004333496,83.19985534667971,111.0626449584961
Cum_PPT_P2,2021,19895,19895,0,0,43.196326344592634,21.78713089937097,5.185928225517273,6.0146353054046635,7.989481520652773,33.56704139709473,38.94843482971192,55.473594188690186,81.27465486526489,104.0697110366822,153.77306365966797
Cum_PPT_P3,2021,19895,19895,0,0,108.2927472173943,40.040425933282314,48.103936433792114,50.857713408470154,56.736672687530515,80.73546314239502,101.02771377563477,129.2033863067627,183.28487701416006,223.89780399322527,330.93345642089844
Cum_PPT_P4,2021,19895,19895,0,0,150.29643278719342,59.82709543248391,52.14551174640656,56.55496815204621,66.85079841613769,108.20755434036255,147.89032649993896,180.4908037185669,265.715223121643,322.0440903854372,461.2314453125
Cum_FDD_P1,2021,19895,19895,0,19886,0.0003836319464689285,0.02669511283018492,0.0,0.0,0.0,0.0,0.0,0.0,0.0,0.0,2.5783793926239014
Cum_FDD_P2,2021,19895,19895,0,0,61.63044658350934,53.376660064713626,0.9101499319076538,4.0006229162216185,12.086816692352295,30.33703136444092,47.19423294067383,82.28771591186523,146.57813415527335,232.91945343017628,1275.3521938323977
Cum_FDD_P3,2021,19895,19895,0,0,61.85250185374702,53.80218440464478,0.9101499319076538,4.0006229162216185,12.086816692352295,30.35196018218994,47.19609451293945,82.45278774574399,146.7108934640884,232.97332275830254,1295.5139694213867
Cum_FDD_P4,2021,19895,19895,0,0,61.85250185374702,53.80218440464478,0.9101499319076538,4.0006229162216185,12.086816692352295,30.35196018218994,47.19609451293945,82.45278774574399,146.7108934640884,232.97332275830254,1295.5139694213867
Cum_VPD_P1,2021,19895,19895,0,0,0.6390763345451383,0.12049743177592634,0.243111252784729,0.30251289129257203,0.44785339832305904,0.5676285028457642,0.6418310403823853,0.7307663857936859,0.8204060673713685,0.837441713809967,0.8447941541671753
Cum_VPD_P2,2021,19895,19895,0,0,0.9573719725495878,0.14203128533249307,0.4215882569551467,0.5659896999597549,0.7463347375392914,0.8452740162611008,0.9695947468280792,1.0791564732789993,1.152361026406288,1.1742818963527681,1.193334847688675
Cum_VPD_P3,2021,19895,19895,0,0,1.466654844139053,0.2681897732938694,0.6225447058677671,0.8355861675739288,1.081198275089264,1.276808112859726,1.43042653799057,1.6938031315803528,1.8684179753065107,2.078710643053055,2.1253978312015533
Cum_VPD_P4,2021,19895,19895,0,0,2.2505503139856264,0.5229079548267448,0.847401827573776,1.1263687789440155,1.5272494554519656,1.8600858747959137,2.191903859376908,2.6447679847478867,3.0213635206222533,3.6390226727724078,3.7092942595481873
Delta_NDVI_P2,2021,19895,19895,0,0,0.10485982318681701,0.21125104577193685,-0.6987041421234607,-0.4014155501127243,-0.2534862160682678,-0.0358566492795944,0.1110994517803192,0.2514089345932007,0.4456218816339969,0.5533690744638448,0.7172644063830376
Delta_NDWI_P2,2021,19895,19895,0,0,0.09307602574679084,0.17837034003458554,-0.5950435982085763,-0.37413418054580677,-0.22344622164964664,-0.0120674222707748,0.08894395083189,0.2213053368031978,0.3770257928175851,0.4576206734776497,0.6178696900606155
Delta_SM_P2,2021,19895,19895,0,0,0.03459482427015169,0.036376632379965766,-0.0537648200988769,-0.04018883109092709,-0.03147758245468129,0.00512039661407465,0.039330631494522,0.06489942222833635,0.0844781339168548,0.09420216560363766,0.0990461558103562
Delta_NDVI_P3,2021,19895,19895,0,0,0.19039787535715288,0.13360221699607375,-0.3807826431002468,-0.08191198423504824,-0.004543842375278458,0.0917212069034576,0.1782898902893067,0.28195858001708984,0.423265178501606,0.5096288579702383,0.7193611264228821
Delta_NDWI_P3,2021,19895,19895,0,0,0.22995613748407653,0.12661625595153975,-0.4657791256904602,-0.04460396897047744,0.02371936449781058,0.1414411440491676,0.2272476255893707,0.3191826455295085,0.44159916378557673,0.5068918534368276,0.65703547000885
Delta_SM_P3,2021,19895,19895,0,0,0.025342887884919167,0.01792983351464159,-0.0459287911653518,-0.0345165327191353,0.00017312467098237012,0.013579547405242899,0.0254110395908356,0.0392370969057082,0.05058620125055304,0.05370283842086781,0.0565718710422515
Delta_NDVI_P4,2021,19895,19895,0,0,0.06236112955266737,0.15525550863078139,-0.5469167232513428,-0.3004377365112303,-0.1957820102572441,-0.0333614200353622,0.0647995471954345,0.15717332065105433,0.32611247897148116,0.43926003992557555,0.6610589064657688
Delta_NDWI_P4,2021,19895,19895,0,0,0.10065385071558298,0.12332477384203706,-0.5639762729406356,-0.1379358458518981,-0.07572770118713376,0.020300960168242448,0.089032769203186,0.16337230987846846,0.3272164836525917,0.47965077315457205,0.7048707604408264
Delta_SM_P4,2021,19895,19895,0,0,-0.023069751685095275,0.02861334660937279,-0.1298229694366455,-0.081861686706543,-0.07405652403831481,-0.0452900603413581,-0.0150863528251647,-0.0028586536645888996,0.0171575844287872,0.03552462935447692,0.0571168959140778
