feature,zone,n_samples,count,missing,zero_count,mean,std,min,p1,p5,p25,p50,p75,p95,p99,max
P1_WUE,1,1751,1751,0,0,0.9372660032273672,1.0517740324771516,0.0489870893848837,0.13978107374870036,0.19224296234566451,0.3273438791502753,0.686269883592194,1.0653037112260422,2.7245492732727103,5.492626017521584,10.60564873931191
P1_Decoupling_Stress,1,1751,1751,0,0,15.000328529100916,18.226274235214273,1.4054086181991687,2.0377074411557077,3.8848670237462146,6.300859355603462,9.52199620331714,14.160613484962079,50.6706416280271,103.54377082055046,181.07788564467523
P1_Thermal_Efficiency,1,1751,1751,0,0,0.0013636640313526467,0.0008531403464566319,0.0001669051694999,0.0002613036545731,0.00039012513871895,0.00065048866461065,0.0012671633128326,0.00180762475079785,0.0029273937911519,0.004069606194865551,0.007536193679305
P1_Hydrothermal_Balance,1,1751,1751,0,0,0.9663217998041181,1.5259891126366083,0.0093510237209665,0.020346293741070852,0.0534042383886058,0.22567238144658464,0.6327901838363225,1.2738474682328325,2.407472844769578,5.826811843091845,33.58303069754153
P2_WUE,1,1751,1751,0,0,0.43933146447018484,0.4343926379740354,-0.2103969548179472,-0.022014345656367097,0.10853669530233415,0.20618133258453455,0.3042607295913904,0.47672599888801725,1.2522117287755008,2.2744333850303997,4.3314284480429786
P2_Decoupling_Stress,1,1751,1751,0,0,7.467048592612787,8.649552150214165,0.589886509526176,0.874667824474431,1.4251853839323492,2.962095312675754,4.546451824579084,7.504626327797091,27.90912011775802,43.42634341797156,63.486525806699966
P2_Thermal_Efficiency,1,1751,1751,0,0,0.005411838734808561,0.018532462844524693,-0.0042269676542714,0.00060322753112715,0.0007885417121949,0.00125254923394425,0.0018951409757936,0.00356470994341905,0.0162985624587415,0.07528033056660825,0.2992272439957404
P2_Hydrothermal_Balance,1,1751,1751,0,0,367.814360280128,256.16073147064174,6.882184622301114,18.170161019709578,77.87679672241211,180.68124771118164,328.6586380004883,464.9480628967285,920.7698440551758,1155.898208618164,2850.4487229284823
P3_WUE,1,1751,1751,0,0,1.0222564803612049,1.4052185257790333,0.071279198266961,0.1252006922506205,0.17401628838669636,0.34457911872800784,0.6119700027934519,1.049334083711278,3.942356854920865,7.749407108364078,11.33567560684918
P3_Decoupling_Stress,1,1751,1751,0,0,17.86498274585347,20.926483275823394,1.2127894923388602,1.641904784506555,3.2344742695788855,6.443044297181598,11.085468618917243,17.253115534906115,64.26558528335069,108.93822050145249,164.5884967156689
P3_Thermal_Efficiency,1,1751,1751,0,0,0.0011083101967304236,0.0007485618687026121,0.0001331271150165,0.00016257865794645,0.0002003480949857,0.00060798296520705,0.0009896394610983,0.0013706651478922,0.00258482138878765,0.00385967573127385,0.0063529347069043
P3_Hydrothermal_Balance,1,1751,1751,0,0,4.545193760527955,13.932277345299314,0.0856835471340578,0.22206727148963265,0.33334155292768686,1.0009700429019275,2.18555836943641,4.721589988921622,16.01292210117265,29.625011216515574,506.73072814941406
P4_WUE,1,1751,1751,0,0,1.6573253460435586,1.7812728367265895,0.1293180147981937,0.1774891316041905,0.2104455305309181,0.6170819288431038,1.284908387349918,1.9797539627082188,5.305619624673456,8.440593121908321,22.07939983136984
P4_Decoupling_Stress,1,1751,1751,0,0,25.840847487051988,34.980668225207026,1.4414676197861993,1.8902784961045835,5.654610297164045,10.395789961387106,15.193389492959827,24.127070963559298,96.65319901984842,150.7874490189127,470.6383247995848
P4_Thermal_Efficiency,1,1751,1751,0,0,0.001536241243176161,0.0009986247871494717,8.672946880363949e-05,0.0002486067230175,0.0004283205297323,0.0007780876785389501,0.0013630969987062,0.0020352207343098004,0.0034782353986625002,0.004909149563566,0.007159972398901
P4_Hydrothermal_Balance,1,1751,1751,0,0,1.9466242395319935,2.001979154635207,0.0037920384425921,0.015518652877095949,0.045097050143537404,0.30699346478378353,1.4211814806143517,3.138335611017072,5.583248827445722,8.215104925944324,15.318290457450496
P1_Drought_Vulnerability,1,1751,1751,0,0,0.049949476788069595,0.017954177423954873,0.010928503971812,0.02125766497904755,0.026102701628682,0.0371868006635764,0.0477790902089457,0.058710339628317454,0.08395904580451904,0.1062484330390054,0.1206801788424624
P1_Fertility_Vigor,1,1751,1751,0,0,5.172872178754589,3.3144944757072037,0.6343727818417262,1.171782907961127,1.4321222046555628,2.5070096659004117,4.834241891526801,6.872805154505102,10.791118525163142,14.395343137910913,44.67210032458752
P2_Drought_Vulnerability,1,1751,1751,0,0,0.01228290752311895,0.004195150383918379,0.0031380703502447,0.0058824007704260505,0.00714121697844865,0.0092563043163362,0.0113890662099648,0.01473841960553615,0.02034027285862635,0.02527694325839515,0.0328713103405367
P2_Fertility_Vigor,1,1751,1751,0,0,2.932258555680752,1.371348832565533,-3.0043856624476435,-0.2716850379742093,1.1331033728447997,2.1362109976166788,2.813710147797692,3.5354631031047883,5.100703998512614,7.2870722915249075,15.687354699862
P3_Drought_Vulnerability,1,1751,1751,0,0,0.042119111262955214,0.016102842915966066,0.0112211946554907,0.014367480836929649,0.019914057672047403,0.030159213947347052,0.0399236145375629,0.0521330267664037,0.07215815154601166,0.08888682934231185,0.1098858361262191
P3_Fertility_Vigor,1,1751,1751,0,0,4.377802109194482,2.640097016184711,0.6129905644640697,0.8435608860354471,1.154443488562428,2.524784021271664,4.0077564065177285,5.725056298299691,8.665263416316833,12.749013281367866,27.50812548895192
P4_Drought_Vulnerability,1,1751,1751,0,0,0.0662194749545723,0.02877732293931989,0.0160763731649351,0.022317224175755553,0.0294766725520431,0.0461926509302585,0.0592631952600959,0.08305979317825865,0.1211415532351949,0.1567324163518351,0.1783931044616383
P4_Fertility_Vigor,1,1751,1751,0,0,6.68180988932622,4.365631263445085,0.5785085090362463,1.2885256550839372,1.6857871794531856,3.590737010140913,6.327896124329868,8.86757620080897,13.073450969627288,22.263540734279278,41.68569751932272
Cum_PPT_P1,1,1751,1751,0,0,10.735363457915716,8.962389136472062,0.1936293542385101,0.41206373274326324,1.0914872884750366,4.0282981395721436,9.496633529663086,14.978876113891602,23.845595359802246,48.79799270629883,76.11442565917969
Cum_PPT_P2,1,1751,1751,0,0,47.02866005375002,29.997569074854724,4.176278382539749,7.117731213569641,10.566357016563416,23.02529716491699,44.6717472076416,59.86274528503418,101.96617889404297,144.80796241760254,242.2349548339844
Cum_PPT_P3,1,1751,1751,0,0,74.477979624445,47.52178188098109,6.457674324512482,11.800736755132675,16.038394391536713,38.899008989334106,69.77234840393066,93.79623746871948,153.15350818634033,263.8555736541748,304.6532783508301
Cum_PPT_P4,1,1751,1751,0,0,100.36805813836156,52.327771944269514,15.603149592876434,23.29305762052536,36.13232859969139,64.4298152923584,93.98031425476074,129.76475620269775,165.21262216567993,328.1653881072998,369.1956329345703
Cum_FDD_P1,1,1751,1751,0,888,1.2139861529770979,2.6197985167584688,0.0,0.0,0.0,0.0,0.0,0.9985806941986084,6.544837236404419,11.386711597442627,34.75273132324219
Cum_FDD_P2,1,1751,1751,0,0,608.6627949809683,288.89068283239624,221.3902587890625,247.67158508300778,275.3597717285156,364.91260740254074,517.4777221679688,831.0569054633379,1145.8759393692017,1350.911314189434,1643.6476774215698
Cum_FDD_P3,1,1751,1751,0,0,623.6080407117563,301.7691165744819,221.3902587890625,247.67158508300778,275.3597717285156,366.0935832262039,529.755615234375,863.6181829869747,1171.4512560367584,1394.253160044551,1804.50113105774
Cum_FDD_P4,1,1751,1751,0,0,624.7977996927845,303.0352695054761,221.3902587890625,247.67158508300778,275.3597717285156,366.0935832262039,529.755615234375,866.4080139324069,1174.107267856598,1400.5911323428154,1810.6510372161863
Cum_VPD_P1,1,1751,1751,0,0,1.1373475305799892,0.33894734824299694,0.2692679464817047,0.43111681938171387,0.5848334729671478,0.8823544383049011,1.1574686765670776,1.3883957266807556,1.6698215007781982,1.7827956080436707,1.913207650184632
Cum_VPD_P2,1,1751,1751,0,0,1.4168498037603159,0.4051986693086904,0.3486462831497192,0.5611233599483966,0.7458810657262802,1.1258270293474197,1.4436171352863312,1.7187636941671371,2.0595279186964035,2.2015658169984818,2.38449999690056
Cum_VPD_P3,1,1751,1751,0,0,2.3774543235015693,0.706504459309597,0.6667828485369681,0.8402956575155256,1.2410850822925568,1.8618866056203844,2.41116714477539,2.901418909430504,3.533828049898147,3.7875965386629105,4.1060790717601785
Cum_VPD_P4,1,1751,1751,0,0,3.882665832231788,1.1756159160533288,0.988440655171871,1.2646063826978207,1.9210783392190935,3.0262002050876617,3.9736171066761017,4.731708109378815,5.672299548983574,6.116872951388359,6.6891398429870605
Delta_NDVI_P2,1,1751,1751,0,0,-0.14952303152406393,0.19404603164511036,-0.7315395101904869,-0.5557267852127552,-0.4458342716097832,-0.2928948476910591,-0.1698793172836304,0.0231780968606472,0.15718192607164383,0.2313119694590569,0.4418449625372886
Delta_NDWI_P2,1,1751,1751,0,0,-0.07655189641114993,0.17846022774035633,-0.5063953325152397,-0.37528869882225985,-0.2995825039688498,-0.18373727984726423,-0.0938956886529923,0.0007847771048545499,0.15051088854670525,0.7485765554010868,0.97496198117733
Delta_SM_P2,1,1751,1751,0,0,0.018336469501678172,0.02985383549099279,-0.0781225264072418,-0.0369115918874741,-0.025895491242408752,-0.0007109493017196,0.0131837539374828,0.034067906439304296,0.0755221024155617,0.09340015798807144,0.1601998507976532
Delta_NDVI_P3,1,1751,1751,0,0,0.1014088585523081,0.1732006400170453,-0.3601111620664596,-0.24792309850454325,-0.1588390879333019,-0.0190199688076973,0.0875539779663086,0.21069724112749094,0.40601404570043087,0.5635180324316025,0.6771904770284892
Delta_NDWI_P3,1,1751,1751,0,0,0.06546723593845843,0.16235645649956185,-1.0322476625442505,-0.6646828576922417,-0.1219210997223853,-0.0030185729265212,0.0681104063987732,0.15469899028539655,0.2858729315921664,0.39070825633825734,0.4821524843573568
Delta_SM_P3,1,1751,1751,0,0,-0.020893489666440536,0.02386474593790745,-0.1664787828922271,-0.0970121324062346,-0.06610710546374315,-0.032001323997974354,-0.0163686424493788,-0.00704124569892885,0.00482145696878425,0.037900224328041,0.0583480298519135
Delta_NDVI_P4,1,1751,1751,0,0,0.15150709525133663,0.23033838137929993,-0.5340843200683594,-0.45819866657257086,-0.25295682251453394,0.00502317398786535,0.1630481928586959,0.3104367330670357,0.5202005431056023,0.5977869182825089,0.692720852792263
Delta_NDWI_P4,1,1751,1751,0,0,0.1214311956367947,0.1578571617823236,-0.4735912010073662,-0.32778094150125975,-0.148881684988737,0.0257149487733841,0.1203314438462258,0.23233665525913239,0.3733537141233684,0.4531760942190886,0.5783628299832343
Delta_SM_P4,1,1751,1751,0,0,-0.0020433970099939516,0.05319036472103266,-0.1446327567100525,-0.1171102523803711,-0.09695565700531006,-0.03112648613750935,0.0018279403448104,0.0353076318278909,0.08313438296318044,0.0901274792850017,0.0984363108873367
P1_WUE,2,2119,2119,0,0,0.2853552700400128,0.05564303133467569,-0.013446987307131,0.12600619455849438,0.20730280019678185,0.26846156760560586,0.2841226856051853,0.2998276201853451,0.3487166043322643,0.46486145998879036,0.9112915397911118
P1_Decoupling_Stress,2,2119,2119,0,0,1.7523528766365006,0.43984588917904777,0.4323826116359435,0.9531200716510396,1.1005856658248576,1.405502038602282,1.7207377021429957,2.0900390675797755,2.503392920913156,2.7254286312078078,2.875695504789132
P1_Thermal_Efficiency,2,2119,2119,0,0,0.0016011064531357715,0.005857130308980798,-1.344676282217391e-05,0.000556588100202388,0.0009238616780391,0.0012430163860062,0.0013687975033603,0.0015145110698287002,0.0018820568339374597,0.0031059050243086262,0.253484308719635
P1_Hydrothermal_Balance,2,2119,2119,0,0,5.547462992237864,19.756259246144623,1.3695236484370104,1.4634465131432988,2.076026122150716,2.9634432452057697,4.160303651023971,5.875760697372055,8.495650688742009,13.316200383626937,562.1516418457031
P2_WUE,2,2119,2119,0,0,0.3144779364353666,0.13925504364964833,-0.002745301731476,0.07035746168306627,0.1331718783902609,0.22239501775018275,0.2845472308657472,0.38922538887124364,0.5844025907258218,0.7242573513788713,1.2685556605576838
P2_Decoupling_Stress,2,2119,2119,0,0,1.386367650775098,0.32874489609111235,0.3516968003617918,0.8814993220194554,0.9661952228908948,1.1525791464097948,1.3324336601096072,1.5667525451190367,2.025568682009048,2.4402437591396424,3.0679456875316213
P2_Thermal_Efficiency,2,2119,2119,0,0,0.001990342302618536,0.013760601260924434,-1.5778572980440792e-06,0.00034068302681109804,0.00056141793637483,0.00088801499656915,0.0011915123852523,0.0015181596523981,0.002133993959822389,0.004278413011530776,0.3785314261913299
P2_Hydrothermal_Balance,2,2119,2119,0,0,21.968768272001373,74.81699721795815,4.058440490934573,4.13684719017988,4.633958771641726,8.459706401900185,12.04300997363584,18.116554828399188,35.830281631990474,251.01785263831982,1339.871826171875
P3_WUE,2,2119,2119,0,0,0.33532656830417906,0.1747273994249866,0.0030071958850665,0.058186059181153535,0.11579448274955025,0.21502731205450532,0.2861466094426085,0.43090042486456304,0.6902433339793002,0.8169341319536306,1.4718568142384088
P3_Decoupling_Stress,2,2119,2119,0,0,2.2609674298467257,0.6438906864854799,0.3375199582418888,1.1904445830810422,1.3627640467551214,1.7665549107139842,2.186980854352519,2.6687367852039676,3.4442601462081415,3.8003224154411632,5.812924294729097
P3_Thermal_Efficiency,2,2119,2119,0,0,0.0019579229436544436,0.010821880251917234,8.124809930146491e-05,0.000322728423447616,0.0006674013193301101,0.0010727474858490001,0.0013258516458985,0.0016714900264971,0.0023858726728401597,0.004001535451323469,0.3176774026530889
P3_Hydrothermal_Balance,2,2119,2119,0,0,8.343833909763028,37.384892419813724,1.4625987834038274,1.6776325621917616,1.8392141380749496,3.288208689325711,4.951805481441874,6.866151154719292,11.152618774093819,34.57143440593956,809.3228912353516
P4_WUE,2,2119,2119,0,0,0.3998063316920897,0.18688521644299935,0.0073889429480166,0.08023394113475231,0.16370807403518645,0.27790434020985066,0.3508865137087288,0.49036895605227104,0.7799078721167748,0.9715827823962713,1.3342144233857884
P4_Decoupling_Stress,2,2119,2119,0,0,2.5320916957986244,0.637379879459931,0.541581226807896,1.2388016102398423,1.6896148820951151,2.0987816675675575,2.4684585229143536,2.841042927849638,3.6884864298909528,4.43363639004444,6.178723318041348
P4_Thermal_Efficiency,2,2119,2119,0,0,0.002456080677199113,0.007250605779829158,0.0002706754401815,0.000727734508024528,0.0011914767165261302,0.0018461672887292,0.0020643101466876,0.00246345156270455,0.003351994788648418,0.004429742758725984,0.2624698877334595
P4_Hydrothermal_Balance,2,2119,2119,0,0,3.7993802294071277,14.5413999413706,0.6260274136946969,0.895541458869143,1.4213618168182738,2.0806126110894096,2.6087646439377745,3.8384216107847307,5.321295876115839,10.152270680940576,348.5751342773437
P1_Drought_Vulnerability,2,2119,2119,0,0,0.011936243786059814,0.0024951438259979645,-3.964011106357656e-05,0.006221892373616298,0.00858354830946886,0.0103752103853612,0.0117797172678206,0.013375184000393048,0.016122060385272148,0.01845862569013245,0.0241305330349916
P1_Fertility_Vigor,2,2119,2119,0,0,-7.427167016835433,442.6507118924724,-13841.513125419617,5.649318410238115,12.063596383789484,16.21273741063726,18.75961825412014,21.949626168386317,26.318325679277375,33.0665634077199,46.90083537216242
P2_Drought_Vulnerability,2,2119,2119,0,0,0.008972357948879083,0.0019170465041054333,-2.5990850684210947e-05,0.005173928802190766,0.00663198394717602,0.0076392177326733,0.0087277264568839,0.0101140363739947,0.012303477198840979,0.01404230928175769,0.0182128385747928
P2_Fertility_Vigor,2,2119,2119,0,0,-3.8195633853882134,328.6216058528847,-5647.424116551876,4.133528097221814,8.922491488581889,13.836358501697703,17.275514672302958,20.849554086564524,26.32516067192407,32.23866814674101,54.65832033165498
P3_Drought_Vulnerability,2,2119,2119,0,0,0.01336187978024389,0.0032693680209945897,-4.681229542488443e-05,0.007078407446815962,0.008625572990196721,0.0109631030766555,0.0133903968704466,0.0153024990034742,0.018968910791897754,0.021355764735537172,0.0281090268539226
P3_Fertility_Vigor,2,2119,2119,0,0,-4.403284220395909,336.1010257427066,-7288.534679710865,3.1575897537631654,7.478525861550599,12.853277425163807,16.22163863461651,20.05751924272471,26.4413403978534,31.117967600684466,46.19827116816487
P4_Drought_Vulnerability,2,2119,2119,0,0,0.01745237201570626,0.0038716489361502425,-5.7331133142022334e-05,0.008256826166453306,0.012131115695665731,0.014952074531650001,0.0169476288041396,0.0199512713775914,0.02385633881670019,0.026625418567662137,0.0346733564779481
P4_Fertility_Vigor,2,2119,2119,0,0,-5.325074932927454,377.6407234909944,-7246.994992733002,5.104379506176796,9.614290070687336,15.257280957573812,18.546925811110896,22.31860940519323,28.916508084066564,34.12620714908587,46.63031612651366
Cum_PPT_P1,2,2119,2119,0,0,56.6993906809621,22.164475105958996,11.431699752807615,21.489881591796877,28.700956916809083,39.00154113769531,52.296329498291016,73.17168426513672,93.43781585693358,113.59004180908202,151.43870544433594
Cum_PPT_P2,2,2119,2119,0,0,131.72717912222993,40.81785781935912,49.20196342468262,62.385701026916486,74.52694778442383,100.63906955718994,122.97906494140624,160.97238159179688,203.71088256835938,221.42906509399444,266.6934585571289
Cum_PPT_P3,2,2119,2119,0,0,176.7174698814799,48.316496528184636,72.81818008422852,83.44604503631592,103.28171081542969,139.26748847961426,172.86911392211914,210.95415115356445,260.11941757202146,289.78751205444337,338.337516784668
Cum_PPT_P4,2,2119,2119,0,0,218.7030336619436,57.46316003002324,105.93223571777344,118.51827140808105,137.91610298156738,172.7526741027832,209.84836959838867,263.68341636657715,317.89555206298826,344.1126629638674,422.0244903564453
Cum_FDD_P1,2,2119,2119,0,1638,0.6856072121963463,9.446052585396007,0.0,0.0,0.0,0.0,0.0,0.0,1.6162715911865222,5.298733692169201,296.81103515625
Cum_FDD_P2,2,2119,2119,0,668,21.85218321004545,59.04406396231984,0.0,0.0,0.0,0.0,2.433659553527832,30.372918605804443,79.89724950790405,132.28417722702034,1223.8395385742188
Cum_FDD_P3,2,2119,2119,0,668,27.199791059143735,77.46876386327814,0.0,0.0,0.0,0.0,2.5367987751960754,36.806454595178366,97.30519523620596,165.5386532020571,1617.2087707519531
Cum_FDD_P4,2,2119,2119,0,668,27.45472777936979,80.48655427697359,0.0,0.0,0.0,0.0,2.5367987751960754,36.806454595178366,98.57610260546207,167.0140166664126,1691.3607788085938
Cum_VPD_P1,2,2119,2119,0,0,0.3333501474665493,0.05847315158014046,0.0864922180771827,0.18465732634067533,0.2410436257719993,0.290955126285553,0.338363915681839,0.3764762878417969,0.4214447945356368,0.4473958134651184,0.4762326776981354
Cum_VPD_P2,2,2119,2119,0,0,0.5840485559678854,0.10163256483437265,0.168089210987091,0.3306923627853393,0.4275769472122191,0.5085816830396652,0.5867554247379302,0.6528118997812271,0.7459698230028151,0.7995691120624543,0.9718338251113892
Cum_VPD_P3,2,2119,2119,0,0,0.956804355362948,0.15956098927256682,0.2472009584307669,0.5887264269590378,0.7390851452946662,0.8445676639676092,0.944646805524826,1.0616012066602707,1.2204659342765807,1.3188481330871582,1.80777907371521
Cum_VPD_P4,2,2119,2119,0,0,1.4445352580551272,0.2459435177890435,0.3794829621911046,0.8407764136791229,1.0977306619286538,1.280099906027317,1.434806391596794,1.610295832157135,1.8454976379871368,1.9941168850660325,2.7837074398994446
Delta_NDVI_P2,2,2119,2119,0,0,-0.0434226215822638,0.13978659446809458,-0.8336212038993835,-0.42285160392522814,-0.2787125825881958,-0.1242859810590743,-0.0386469960212707,0.0467503666877746,0.16833015084266664,0.2741490983963014,0.619893915951252
Delta_NDWI_P2,2,2119,2119,0,0,-0.15694537176981,0.15717677258952184,-0.6264797896146774,-0.49781244352459897,-0.39740092195570476,-0.2694876044988632,-0.1680899560451508,-0.0462026074528694,0.11154245201832948,0.23032795354723992,0.3927272260189055
Delta_SM_P2,2,2119,2119,0,0,-0.019566964827488445,0.016755521447711367,-0.0888383388519287,-0.052590564489364625,-0.04813227951526634,-0.0331695526838303,-0.0132811665534973,-0.00733529031276695,0.0023472577333448993,0.0104100334644317,0.0324519872665404
Delta_NDVI_P3,2,2119,2119,0,0,-0.023255275179427187,0.11574366751865968,-0.4205592572689057,-0.3254641872644425,-0.21179718673229217,-0.0886895507574081,-0.0239128470420837,0.03939318656921385,0.17089532613754269,0.297194260954857,0.5131885558366777
Delta_NDWI_P3,2,2119,2119,0,0,0.0037199558385746967,0.11206363940267362,-0.528331845998764,-0.3079911129176617,-0.17903578747063878,-0.05238625966012475,-0.0061825811862945,0.0613000988960266,0.20046842992305738,0.2954493785463278,0.4678727462887764
Delta_SM_P3,2,2119,2119,0,0,-0.02780380489945464,0.02240265868869802,-0.094931274652481,-0.07033010065555574,-0.06523060500621795,-0.0458822399377823,-0.0230153501033782,-0.008094236254692001,0.0039460182189941136,0.014909910559654186,0.0243075191974639
Delta_NDVI_P4,2,2119,2119,0,0,0.06547439590785627,0.12194865702551368,-0.472331538796425,-0.24167848944664003,-0.14637741446495048,-0.000324085354805,0.0690076947212219,0.13434560596942902,0.25481010973453516,0.38703041553497336,0.6514841541647911
Delta_NDWI_P4,2,2119,2119,0,0,0.08447842422893986,0.12531296793986127,-0.5145800560712814,-0.23939401820302003,-0.10182036384940145,0.01463225483894345,0.0734003484249115,0.15125279128551483,0.3068128928542136,0.3964597148261966,0.4633371680974959
Delta_SM_P4,2,2119,2119,0,0,0.010321663405153733,0.01983983604130041,-0.0780677050352096,-0.04562182486057271,-0.03519044518470766,0.00291791558265675,0.0142828524112701,0.019693642854690552,0.037010297179222065,0.05622782647609713,0.1008074879646302
P1_WUE,3,23260,23260,0,0,0.25859016569110893,0.16557486807832364,-0.0560254079502163,0.054894205199907974,0.0859436373887595,0.15292871522483634,0.2177199789416148,0.3054130793651609,0.5946690316921515,0.85704173594046,2.3636950453597043
P1_Decoupling_Stress,3,23260,23260,0,0,2.8842196161506677,1.1862496196380459,0.7619882518498995,1.0979437566647388,1.2591141569210973,2.0037464733216743,2.749762859315683,3.615563243146207,5.037102347716322,5.9815784333189335,7.195335267211421
P1_Thermal_Efficiency,3,23260,23260,0,0,0.001036231899092895,0.000437405071183103,-0.0017665990054245,0.00034793098720306,0.00046720204396171,0.000698183646473775,0.0009889774388624,0.001281504443223125,0.0018176389022336,0.002361654058296296,0.0042300429521382
P1_Hydrothermal_Balance,3,23260,23260,0,0,3.801650627498124,2.7596393281575455,0.2738686054082951,0.40561301889908485,0.513887853349619,1.109484873301631,3.5407893995721986,5.985801223859129,8.367710530923723,9.350618235650826,19.29129754448848
P2_WUE,3,23260,23260,0,0,0.2896725637366842,0.19797373695719597,-0.1115519539541313,-0.041293151963768815,0.0698681061947791,0.15438811304668354,0.2336642691090608,0.37974589623220745,0.703470966265215,0.9149504911484558,1.2800066323954475
P2_Decoupling_Stress,3,23260,23260,0,0,1.269524691543008,0.2744302669213325,0.7284441062215816,0.8708069386800977,0.9054738984579603,1.0656892835685277,1.2220669134083222,1.4377139062175295,1.820914547179821,1.992460039211195,2.231451495048675
P2_Thermal_Efficiency,3,23260,23260,0,0,0.0022582396211206683,0.0010577768242797335,-0.0011620103387708,-0.00016163744985574498,0.00089245857703405,0.0015315074908486001,0.0021180548099627,0.00287125703518395,0.0040751489690639695,0.005037844369861699,0.0131911099978533
P2_Hydrothermal_Balance,3,23260,23260,0,0,27.122791153086915,78.65908402568388,3.321755616677361,4.522617081425358,6.956929565637114,12.347014944253914,19.953764137560512,24.87953523376578,73.77428176290745,146.0739293572197,6972.05026116045
P3_WUE,3,23260,23260,0,0,0.49937877908609185,0.2751369443234539,-0.0200646288785655,0.09333543434787946,0.15268119915673145,0.27671423979152504,0.45288487909493,0.6726434293176438,1.0278690922958629,1.2428715999466393,1.604114336269755
P3_Decoupling_Stress,3,23260,23260,0,0,2.2138099004686116,0.6196484188890492,1.0417236442203457,1.3309176117928907,1.4513515469118548,1.7518849059426258,2.0500707488409913,2.611725204034001,3.3648631154991286,4.042326453796014,5.124937231145801
P3_Thermal_Efficiency,3,23260,23260,0,0,0.0016685756858659277,0.00050112110027209,-0.0010272317390454,0.000575142748272175,0.0008259243196475201,0.00128585036558605,0.0017062160463052,0.0020552523863790247,0.0024228179540474,0.0026531291293156317,0.0036328897525554
P3_Hydrothermal_Balance,3,23260,23260,0,0,7.495104952517836,3.441506663069135,2.439768431671236,2.8651999379365556,3.3584840654313846,4.854974943285386,6.714009718645773,9.242826585292022,14.336962298842035,17.295483934282817,25.8946082825302
P4_WUE,3,23260,23260,0,0,0.7650249951276785,0.34733874923655683,-0.0206837887086571,0.14305592165739617,0.2748695783254728,0.5059445400229874,0.7085506638633698,1.0114871454249152,1.3764222236626893,1.6146271213181325,2.268233651737197
P4_Decoupling_Stress,3,23260,23260,0,0,3.276921898830201,0.990251724075207,1.0058280402123672,1.799523266144141,2.048930275000315,2.5998224082192762,3.031542139940726,3.7220010192870516,5.237452011956828,6.247913825792375,7.176134636022084
P4_Thermal_Efficiency,3,23260,23260,0,0,0.002025596979022198,0.000523280727497214,-0.0007846609641805,0.0007400977241791701,0.0011802397576661,0.0016917393792131499,0.0019956400824565,0.002388152883567175,0.002906262504378275,0.003063376581867006,0.0039846873679091
P4_Hydrothermal_Balance,3,23260,23260,0,0,3.7064980055136996,2.171011255417021,1.0914884858253295,1.1464194715972864,1.191051898130826,2.1898550116896747,2.9676859046163275,4.696724213287679,7.946835131711771,10.130888472111076,13.78756893662241
P1_Drought_Vulnerability,3,23260,23260,0,0,0.01594528235806257,0.005199145869238883,-7.983023084359653e-05,0.006783619451809979,0.008688686316053795,0.012091993411028925,0.0155017171341647,0.019184420855741426,0.025202442642843565,0.02988603795520204,0.0444108175606758
P1_Fertility_Vigor,3,23260,23260,0,0,-3.006368368685765,215.4225486841659,-7943.710764169693,1.7876685899880531,2.4357819804658125,4.09612984698421,6.12558077575585,9.085003127621972,15.497742550928782,22.858319624563908,4642.9401433467865
P2_Drought_Vulnerability,3,23260,23260,0,0,0.0078053092227402575,0.0017321090347121818,-2.986217799563115e-05,0.004612118470214062,0.0055294947857464204,0.0066240504204970255,0.00754615342789055,0.008816043887582425,0.010860824863267022,0.012736680274510692,0.0181239013239556
P2_Fertility_Vigor,3,23260,23260,0,0,-1.6082689814117073,195.50253603654906,-7600.347248196602,-0.47995312291177017,2.6018196723062754,5.223543872701626,7.526961499095364,10.293863015579575,15.618158173840294,20.567184185055616,712.1098136007786
P3_Drought_Vulnerability,3,23260,23260,0,0,0.012596154827615462,0.002569554788594324,-4.590307556626334e-05,0.00742203237845027,0.008765022470753494,0.0108611777685091,0.012547430867923499,0.014220691079878476,0.016817198046903802,0.01917684016206144,0.0273142361422844
P3_Fertility_Vigor,3,23260,23260,0,0,-1.5430772280355793,252.07770625517176,-7832.01091003418,3.115796786626832,4.962657029723254,8.056524349225242,10.486449521774603,13.523486668855357,19.57867617606075,25.334160858823587,606.4746470823878
P4_Drought_Vulnerability,3,23260,23260,0,0,0.019305386699976997,0.0044124980694793285,-7.487728509678912e-05,0.01028310148388647,0.0129633361486978,0.016221840324095474,0.0189254625338541,0.02222609975322145,0.026836413845906126,0.030022714008985044,0.0473716806359028
P4_Fertility_Vigor,3,23260,23260,0,0,-2.7892219240616014,311.2809222837494,-8309.40709912777,4.173984545246786,6.977634763683511,10.31072047633603,12.65840348202005,15.779037612899488,23.06524372331199,29.290972532385418,54.884103988185416
Cum_PPT_P1,3,23260,23260,0,0,50.21460403046112,36.18423542670201,3.2947826385498047,4.931842617988586,7.157756638526917,15.662918090820312,48.94821739196777,75.12902450561523,113.82241287231443,125.33350227355957,217.467041015625
Cum_PPT_P2,3,23260,23260,0,0,118.2430986576519,49.78136549692697,38.29367256164551,44.83586129188538,54.3870267868042,77.2432107925415,110.4216251373291,153.66813278198242,213.1187187194824,232.26923844337463,333.01597595214844
Cum_PPT_P3,3,23260,23260,0,0,187.6675336899167,61.428866656549644,79.85769081115723,100.33866508483888,116.44416370391846,140.27284502983093,170.43386697769165,222.2415289878845,315.58638458251954,356.28482496261597,477.5882034301758
Cum_PPT_P4,3,23260,23260,0,0,248.25258271961712,88.27003908268756,126.2452154159546,142.82548473358153,154.32779722213746,179.42607760429382,218.6043815612793,294.59688806533813,435.0640813827514,502.31951683044434,634.8972778320312
Cum_FDD_P1,3,23260,23260,0,23117,0.0007289530229335329,0.02110191852689952,0.0,0.0,0.0,0.0,0.0,0.0,0.0,0.0,1.286889672279358
Cum_FDD_P2,3,23260,23260,0,1055,21.3241262725037,24.728573793653783,0.0,0.0,0.007572702295146868,2.596701741218567,15.853509902954102,28.98057508468628,88.79895286560057,101.46304031372068,170.67454528808594
Cum_FDD_P3,3,23260,23260,0,710,21.408104641617623,24.73494554876643,0.0,0.0,0.06815538462251425,2.6264512240886697,15.968614101409912,29.02791118621826,88.81252098083496,101.46304031372068,171.26706671714783
Cum_FDD_P4,3,23260,23260,0,710,21.408104641617623,24.73494554876643,0.0,0.0,0.06815538462251425,2.6264512240886697,15.968614101409912,29.02791118621826,88.81252098083496,101.46304031372068,171.26706671714783
Cum_VPD_P1,3,23260,23260,0,0,0.47806620404688016,0.13716333405310843,0.1362987458705902,0.23496383965015405,0.27098501771688455,0.3897751048207283,0.46631716191768646,0.5581154972314835,0.7449716210365295,0.787836947441101,0.8165342211723328
Cum_VPD_P2,3,23260,23260,0,0,0.7111993293962597,0.14640232051022428,0.2976031750440597,0.4278739169239997,0.4987205542623997,0.6096915751695632,0.6846025958657265,0.8257858864963055,0.9625086762011053,1.0098631647229195,1.0439254939556122
Cum_VPD_P3,3,23260,23260,0,0,1.0906750598251307,0.1773652531244584,0.534417226910591,0.7295031677186489,0.8566796712577341,0.9524033293128013,1.065323382616043,1.207124326378107,1.4245761983096599,1.4966341073811056,1.547232449054718
Cum_VPD_P4,3,23260,23260,0,0,1.6734398453434736,0.26359249913857485,0.8410996347665786,1.101793222129345,1.3303288742899895,1.484381303191185,1.6443087235093117,1.8223099522292616,2.257510384172201,2.3592173479497434,2.4485277235507965
Delta_NDVI_P2,3,23260,23260,0,0,0.058217410919639806,0.20107254128489874,-0.732174888253212,-0.3882438859343529,-0.2585114546120167,-0.08853115327656269,0.05044393986463535,0.20902098715305328,0.3851421574130653,0.4913968285918235,0.9086123108863832
Delta_NDWI_P2,3,23260,23260,0,0,0.09832950665546238,0.24604934138604795,-0.778189018368721,-0.4160155379772185,-0.31055847546085724,-0.06064498983323563,0.10017109289765355,0.256175384740345,0.44894021190702904,0.9899286007136107,1.1680135279893875
Delta_SM_P2,3,23260,23260,0,0,0.0379487203653527,0.05247411487875552,-0.0587117075920105,-0.04148993045091627,-0.02836685329675662,-0.00243762135505675,0.0244878977537154,0.06542378664016713,0.1466310687363148,0.17009331986308093,0.1847682595252991
Delta_NDVI_P3,3,23260,23260,0,0,0.15532097986804422,0.15461319521924535,-0.6863020062446594,-0.18160189926624296,-0.06528044044971458,0.053687885403633,0.14113333821296692,0.2424083724617958,0.41329661160707465,0.6628019247017799,0.8564065285027026
Delta_NDWI_P3,3,23260,23260,0,0,0.10733265623649568,0.16070050795286753,-0.8093077354133129,-0.5133610999584198,-0.15680550653487443,0.035483018495142404,0.11722555942833421,0.20327769964933395,0.3348714251071214,0.42442693840712303,0.928095281124115
Delta_SM_P3,3,23260,23260,0,0,-0.0050629863702881805,0.027512826423274905,-0.0747052729129791,-0.07145854264497759,-0.05899512916803352,-0.02305379509925835,-0.0057359784841537,0.01518520712852465,0.037825369834899814,0.043876575827598525,0.0564217269420623
Delta_NDVI_P4,3,23260,23260,0,0,0.10947626707049513,0.13640646244219243,-0.582556277513504,-0.23377241551876063,-0.10186482667922966,0.024537667632102952,0.1028392612934112,0.1924387738108634,0.34743133932352055,0.44287682175636295,0.7707225307822226
Delta_NDWI_P4,3,23260,23260,0,0,0.15826497297596376,0.14619718687986494,-0.5639762729406356,-0.17408096432685846,-0.042896676063537614,0.06389905512332915,0.1367948520928621,0.2372193965129554,0.43383571505546564,0.5630231061391533,0.7456377446651459
Delta_SM_P4,3,23260,23260,0,0,-0.020859121849002845,0.0355460740636895,-0.0976367592811583,-0.08989275991916652,-0.075816459953785,-0.05327153205871582,-0.01622797548770895,0.007799483835697175,0.031060411036014472,0.04474629491567608,0.0609771907329559
P1_WUE,4,83730,83730,0,0,0.30024626812977395,0.16933759855306266,-0.0675157442993394,0.07629168891692908,0.11282474096825296,0.18679324148533097,0.2617864827856526,0.3640787076813466,0.6264785168896665,0.8893713893057665,2.282459093541629
P1_Decoupling_Stress,4,83730,83730,0,0,4.634037265644174,1.7095223987355705,0.9059101566769951,1.5892090551106675,2.250954344614518,3.3395781925551384,4.398212950499087,5.823824887699482,7.750554940999154,8.799377283276987,9.755886799377045
P1_Thermal_Efficiency,4,83730,83730,0,0,0.0006683814759780967,0.00027762237689381693,-0.0009869655807303,0.000231228110131985,0.00029529579463591,0.00046006689244519996,0.00063329068986435,0.0008269660776838,0.0011884269357626152,0.0014603933340129327,0.0030566302738482
P1_Hydrothermal_Balance,4,83730,83730,0,0,3.5710375427658296,2.5828804823753115,0.1247843153043685,0.2605252338916667,0.538080086654825,1.7024579425457653,3.0891758197038994,4.770337103499536,8.866027555037462,10.89771119845755,19.75341158995502
P2_WUE,4,83730,83730,0,0,0.4558586536952922,0.2657875198467745,-0.1119886060713295,0.07902194535051155,0.12967349282741444,0.2478847892701817,0.39606610353251925,0.6159234599056453,0.9732492496128902,1.2093722130153244,1.883844246530647
P2_Decoupling_Stress,4,83730,83730,0,0,2.105582792763473,0.7097582800357379,0.7321750892862376,0.9533216484795366,1.1894167678482745,1.6013243921882654,1.9690834173389822,2.445680381612241,3.490536364399968,4.2369744720742135,4.774037802571469
P2_Thermal_Efficiency,4,83730,83730,0,0,0.004276421351456234,0.0031100998417129067,-0.0020265829738133,0.001010028718402682,0.00143965872984401,0.002393225149779975,0.0032890864702682,0.005111649692698725,0.010485777536779477,0.016252404290410978,0.0682096703372368
P2_Hydrothermal_Balance,4,83730,83730,0,0,63.567042182863815,627.4857149289174,3.9521734199026577,5.071706970361935,6.664556712336823,16.33000552441672,24.007569786673052,44.10973787307739,256.04702949523926,410.56305402709825,148651.64263033224
P3_WUE,4,83730,83730,0,0,0.8025922043355664,0.36696197869092523,-0.0300643744035108,0.15420405991283834,0.23816784760077933,0.5045430139427304,0.7999852120549192,1.07882598356861,1.4119115492776804,1.6123793870145136,2.3858500486783845
P3_Decoupling_Stress,4,83730,83730,0,0,5.760759516376041,2.2893487652210474,1.1845947060946638,2.020597967374357,2.692626159816667,3.945675685764905,5.427191605041923,7.16186175618429,10.0677042533322,11.98449551084879,14.150372881747646
P3_Thermal_Efficiency,4,83730,83730,0,0,0.0011595867025486798,0.00033220533608827724,-0.0002846319846583,0.000375406774447565,0.000538186020196555,0.0009407461817149,0.0012057010887586,0.001410315007414925,0.0016257792045124852,0.0017679845217665007,0.0025696594628238
P3_Hydrothermal_Balance,4,83730,83730,0,0,4.598061017444524,2.4019898529429637,0.5020836918044559,0.6387248915272893,1.899088170848673,2.952265093728898,4.089334223765536,5.762667546916918,8.700867902393858,13.186669025255933,25.979240918540725
P4_WUE,4,83730,83730,0,0,1.1659722925188007,0.4881993234985804,-0.0401931793909376,0.29302685866183337,0.4930910691480072,0.8196298453207147,1.0714311291275411,1.449696125159325,2.1291335293724707,2.5072309712990175,3.75185906039978
P4_Decoupling_Stress,4,83730,83730,0,0,8.281162785834761,3.4297321998261623,1.7520914353591714,3.219210907852568,3.935666528398071,5.7713927504918985,7.376952386248591,10.598500053527303,14.87518504591035,17.59557404232533,20.731400310892
P4_Thermal_Efficiency,4,83730,83730,0,0,0.002387440068748331,0.0005297160681523081,-0.0004316608312226,0.000952137373591479,0.00147274571290298,0.002091721062564375,0.00241005380587535,0.0027263270400070747,0.0032315999684658352,0.00355822678308965,0.0046633772464339
P4_Hydrothermal_Balance,4,83730,83730,0,0,1.5020670544988697,0.9945762722728144,0.0219569060636259,0.08727118489118713,0.24594456171652415,0.7324913163958899,1.339032125658512,1.994584156778412,3.3270337039140423,4.507699931548163,7.545321876074993
P1_Drought_Vulnerability,4,83730,83730,0,0,0.025479642448019355,0.008488474109948935,-8.252082417405148e-05,0.0102699261849175,0.013209403294149704,0.0193145046101398,0.02459886478594435,0.03072032910398205,0.04096015134315331,0.04811684762977327,0.0773839230342455
P1_Fertility_Vigor,4,83730,83730,0,0,-1.0814068751246073,149.92831519128853,-8487.467704296112,1.0622037180889785,1.4248659954769185,2.3052063970928875,3.331268995464228,5.080617219969696,10.567593753000036,16.173010045010187,56.76154112804579
P2_Drought_Vulnerability,4,83730,83730,0,0,0.011777489892201587,0.003555812232407674,-4.145173125930907e-05,0.0057368167672388485,0.006710367658714085,0.009193742068365325,0.01137088911658595,0.0139357150389516,0.018230444518854624,0.02138512314568885,0.0363427299988071
P2_Fertility_Vigor,4,83730,83730,0,0,0.8364812985086306,139.8233742525413,-6974.481200695038,1.2956321409959775,1.9115116649694992,3.222297819467691,4.781636237134251,7.304993639625955,12.658891105755737,17.414053014030483,49.57738241860352
P3_Drought_Vulnerability,4,83730,83730,0,0,0.026923993196156046,0.00979856066069871,-9.430991699476958e-05,0.010834389936196964,0.01296960167336356,0.0190568078851351,0.0261858488264625,0.03344257018068332,0.0443547853993752,0.05216142673317673,0.0899208513501179
P3_Fertility_Vigor,4,83730,83730,0,0,1.7019340037997042,175.345826035317,-8148.121139645576,1.6336876146563781,2.4730466141701113,4.5631350096208925,6.632962379109358,10.427125064108623,16.314062063235095,22.79172277087581,40.6967335188092
P4_Drought_Vulnerability,4,83730,83730,0,0,0.04282635333652577,0.01677424616154823,-0.000151978640296,0.0159101508595477,0.019877759278815264,0.03036379329065625,0.0404433696503324,0.05305121834254055,0.07473151385698219,0.08837529498078714,0.1347831565906014
P4_Fertility_Vigor,4,83730,83730,0,0,1.1187997109859085,223.03041847779136,-8882.85133588314,2.479954927529221,4.017637655761158,6.018181362887176,8.063345459635116,11.760388231997126,17.596206017115694,23.807910353641393,59.36322247605858
Cum_PPT_P1,4,83730,83730,0,0,48.24664147965273,33.14153856604755,1.559170842170715,3.4964857029914858,7.4659864664077755,23.955166339874268,41.628767013549805,64.03208351135254,118.50807113647471,151.56468750000022,208.5040740966797
Cum_PPT_P2,4,83730,83730,0,0,84.38900256333038,48.3431851713603,5.185928225517273,7.227867336273193,19.634449195861816,44.6074001789093,77.83030128479004,112.98036766052246,176.14570541381835,234.7199272918704,314.5554656982422
Cum_PPT_P3,4,83730,83730,0,0,135.1379874291748,57.30131385510138,35.0440411567688,43.27046960830688,59.71665601730347,89.95960980653763,125.7536211013794,169.9232349395752,239.30808620452882,311.0152123641975,451.408447265625
Cum_PPT_P4,4,83730,83730,0,0,161.7248770494309,60.893799228725214,52.14551174640656,64.89707563638687,77.18080477714538,117.42387580871582,154.48118114471436,194.92212152481076,274.27400150299076,351.91842550277755,495.0907669067383
Cum_FDD_P1,4,83730,83730,0,83304,0.0003635275943824933,0.008963554748624522,0.0,0.0,0.0,0.0,0.0,0.0,0.0,0.0,0.582493007183075
Cum_FDD_P2,4,83730,83730,0,0,51.915734849344105,38.76145093738077,0.0189907792955636,1.5663595974445343,3.3084347605705258,21.35094690322876,44.476402282714844,78.79402160644531,120.41487045288085,159.86476882934585,253.8024139404297
Cum_FDD_P3,4,83730,83730,0,0,52.05973937097925,38.98001148031449,0.0189907792955636,1.5663595974445343,3.3084347605705258,21.369904540479183,44.49684715270996,78.92586708068848,121.72295417785645,160.54998583793673,259.7843929082155
Cum_FDD_P4,4,83730,83730,0,0,52.05973937097925,38.98001148031449,0.0189907792955636,1.5663595974445343,3.3084347605705258,21.369904540479183,44.49684715270996,78.92586708068848,121.72295417785645,160.54998583793673,259.7843929082155
Cum_VPD_P1,4,83730,83730,0,0,0.6024973513568073,0.13540196782263292,0.1777434796094894,0.2781701129674911,0.380892039835453,0.5070307403802872,0.618340939283371,0.708792582154274,0.8096267700195313,0.8364548534154892,0.8687394857406616
Cum_VPD_P2,4,83730,83730,0,0,0.8798055446839854,0.15012663980552987,0.3351363688707351,0.5041843077540397,0.6239327758550643,0.7796970382332801,0.8962028920650482,0.9795457050204276,1.1222947806119918,1.1540318855643272,1.193334847688675
Cum_VPD_P3,4,83730,83730,0,0,1.506039826917375,0.24614735154891862,0.5866666585206985,0.92688014626503,1.1128601454198361,1.320934720337391,1.5169654041528702,1.6917932070791721,1.9009449720382696,2.037930651605129,2.102294325828552
Cum_VPD_P4,4,83730,83730,0,0,2.5055926326994653,0.4042958357794647,0.9966965019702908,1.5614382778108118,1.8584601476788516,2.216745547950268,2.5112969130277634,2.799604743719101,3.1491813182830812,3.33735279917717,3.5023513734340668
Delta_NDVI_P2,4,83730,83730,0,0,0.11621645652567432,0.20070704381825816,-0.6987041421234607,-0.3668438044190407,-0.22596404105424878,-0.016411852091550723,0.1179575771093368,0.2585119418799877,0.43881781995296487,0.5431306372582914,2.565551534295082
Delta_NDWI_P2,4,83730,83730,0,0,0.13755253449808666,0.19216037274468842,-0.6484481503721328,-0.34332394252531223,-0.18701325803995122,0.0178640701342373,0.1336480267345905,0.26809381693601597,0.4516983540728689,0.5698289902508268,0.973760187625885
Delta_SM_P2,4,83730,83730,0,0,0.015562874940910828,0.048497369124194105,-0.0853415876626967,-0.08041493281722067,-0.07329186648130417,-0.0135409161448478,0.02028618007898325,0.05068532377481452,0.09131210297346114,0.11503497824072839,0.161631777882576
Delta_NDVI_P3,4,83730,83730,0,0,0.14923396973015265,0.13528851854113355,-2.107795834541321,-0.12111294507980343,-0.04052822887897487,0.05504032224416733,0.1337620168924331,0.2261835262179375,0.4010402157902717,0.5241043403744703,0.8676903694868087
Delta_NDWI_P3,4,83730,83730,0,0,0.14719988078007584,0.13253953553949416,-0.8859943598508835,-0.16044900953769675,-0.04301423709839567,0.0590781313367187,0.141569048166275,0.22816294059157374,0.37845470309257506,0.46825188393238937,1.1231069266796112
Delta_SM_P3,4,83730,83730,0,0,-0.022853753828940438,0.03753581429447891,-0.0974290221929551,-0.08527774989604946,-0.0751859731972217,-0.052160006016492746,-0.03290949016809465,0.011340402066707524,0.04112919494509695,0.05113482117652887,0.0565718710422515
Delta_NDVI_P4,4,83730,83730,0,0,0.1100119981106122,0.14985175493529795,-0.6238602101802827,-0.2327608007192612,-0.13054505884647363,0.013727590441703776,0.1021773815155029,0.20560732483863825,0.3685463294386865,0.4808225759863858,0.7976000532507896
Delta_NDWI_P4,4,83730,83730,0,0,0.1399836804233275,0.14138188328898244,-0.5801231861114501,-0.15749888325110084,-0.06482448801398272,0.0447074249386787,0.12260449677705765,0.22454718034714463,0.4001026965677738,0.5162436745315792,0.7887765914201736
Delta_SM_P4,4,83730,83730,0,0,-0.019567130057117365,0.03847704693188186,-0.1074685901403427,-0.08572134703397753,-0.0745922364294529,-0.049532044678926454,-0.0201022550463676,0.003408737480640325,0.058506976068019835,0.08366180688142788,0.0944449603557587
P1_WUE,5,8525,8525,0,0,0.4335798500921507,0.2826376570905537,0.0122191587947431,0.11534434430403129,0.15405228392392328,0.2706207867725252,0.3625574718958101,0.525734330237905,0.9518151345929357,1.3263719627879327,9.160289650646543
P1_Decoupling_Stress,5,8525,8525,0,0,5.459448988516834,3.156345881500593,0.8674848686375453,1.1063614526982821,1.5175608779678238,3.419497360636914,5.2655818038358175,7.022055396404297,9.904299786845746,11.57966740516899,137.05563469976863
P1_Thermal_Efficiency,5,8525,8525,0,0,0.0015354679455474975,0.000786778731818788,0.0001877116309331,0.00035385366207922,0.00046602626256234,0.0008792118083244,0.0014853380675506,0.0020261014174027,0.00288721266182146,0.0038148354318870495,0.0069541521514902
P1_Hydrothermal_Balance,5,8525,8525,0,0,2.565307259022915,2.9420031906139466,0.0209699263940307,0.44614678718513157,0.48335583100762336,0.831411218488854,1.3929243405181997,3.4089763012247296,9.357588429612646,14.269501390462716,18.760985903283032
P2_WUE,5,8525,8525,0,0,0.2829137718229017,0.184762204526226,-0.0235155692006868,0.0519037369749392,0.08392465114591612,0.141468185546145,0.2360829854417668,0.3712054738459436,0.6519122595956801,0.888759979749828,1.4524222471223311
P2_Decoupling_Stress,5,8525,8525,0,0,3.026036455620317,1.2494813062274397,0.4891056215698545,0.7936240795129295,1.2177701250569255,2.311165311668983,2.7292783662893485,3.623444624965043,5.171473071127437,6.000991837412021,20.37847128015481
P2_Thermal_Efficiency,5,8525,8525,0,0,0.005264754008366254,0.02742406904593485,-2.782835061814876e-05,0.000854554152802196,0.00115377609026348,0.0018190007800925,0.0025261446012734,0.0035244276474758,0.008239345936861545,0.061245348850217415,1.836473472878368
P2_Hydrothermal_Balance,5,8525,8525,0,0,308.9771028757056,1188.1522641296576,10.540363636748712,12.672526174834163,15.298128985895275,39.66284626864643,111.01118447421946,479.4860076904297,760.7374114990234,1590.613141954256,89774.19721858775
P3_WUE,5,8525,8525,0,0,0.7030137319221842,0.4683943131017829,0.013821786393258,0.08724326761954611,0.13061565758756694,0.3049487947231592,0.6079614971136899,1.0360011975580508,1.5781021465600082,1.839211812791335,3.625002560023816
P3_Decoupling_Stress,5,8525,8525,0,0,8.531045783272658,3.5963615400454723,1.2352230615628983,1.8747724897084497,2.460592160213888,6.078562136277379,9.21385483601135,10.56608660788961,13.297620665950591,14.106917036392149,81.18989939847275
P3_Thermal_Efficiency,5,8525,8525,0,0,0.0011078747096699459,0.0004326621371500559,0.0001015785792956,0.000345349795546796,0.00048241992107826004,0.0008269624771287,0.0011035905601581,0.0013511584809361,0.00171309629208774,0.0023194773998578486,0.0095620257077037
P3_Hydrothermal_Balance,5,8525,8525,0,0,4.2676222507577295,12.619783543660759,0.4184341139380573,0.4711227624239603,0.5538350887217723,1.6328155011278729,2.924504408756888,5.424331633806172,9.677724427028151,18.512917792076756,593.1090545654297
P4_WUE,5,8525,8525,0,0,0.9966919151741133,0.5990098556521708,0.0467387674559153,0.21900908481590678,0.3364144135481693,0.6110995291749267,0.7680476825257798,1.2598077654822122,2.2692544344642314,2.6107292326071985,4.89178019051306
P4_Decoupling_Stress,5,8525,8525,0,0,9.964207675448796,5.1194268343348375,0.9407117311988727,1.479221304050673,2.759404626689485,6.12382811200467,9.014955475189712,12.79050649294917,19.16130116559132,19.640175669568595,68.00520912791475
P4_Thermal_Efficiency,5,8525,8525,0,0,0.0029766273137609455,0.0011716051606518523,0.0003242999790742,0.00100872461685066,0.00146518237821246,0.0021975418576306,0.0027762716665714,0.00358825168996,0.0051944589861833345,0.0066969053333995774,0.0163191952589336
P4_Hydrothermal_Balance,5,8525,8525,0,0,1.1536909439257879,1.53098109357425,0.0016283993645395,0.003084233653594976,0.005194567964929141,0.1274869823032528,0.7924656793228488,1.7747353276019469,3.0107292615071675,8.79220100434575,14.72466383210774
P1_Drought_Vulnerability,5,8525,8525,0,0,0.03467669157918178,0.01319407691729117,-0.0001116336118658,0.008238288229334168,0.0110967199817957,0.0266864903215843,0.035487439828436,0.0440007386075115,0.05483713266166011,0.06200028802037182,0.0832304409393411
P1_Fertility_Vigor,5,8525,8525,0,0,-2.4564093393827218,213.2676879451907,-7467.755671262741,1.0215863308981556,1.416456089154758,2.631136601032153,4.552804711609836,8.684023063763107,23.0114950679741,31.23376656403439,51.07541759954438
P2_Drought_Vulnerability,5,8525,8525,0,0,0.014079723779000316,0.0034741618436147327,-3.536334114226167e-05,0.0054904894251136885,0.0079247040282873,0.0120278161166071,0.0142372948029972,0.0163082076982033,0.019443902107788253,0.022132779643428857,0.0285156208827452
P2_Fertility_Vigor,5,8525,8525,0,0,-1.7640126096279767,133.95385613530422,-4265.153321295977,1.1145941906882757,1.537254617729704,2.3132366451283985,3.2474353936849507,4.97554991736365,11.51414033822827,18.06658974797781,35.70271552409941
P3_Drought_Vulnerability,5,8525,8525,0,0,0.0402605958593406,0.012395988756603814,-0.0001140684552563,0.012953149232076995,0.01673844024425462,0.0327430680525929,0.041502441622595,0.0486782923774703,0.059207324839653935,0.06648466548688879,0.0833035898512534
P3_Fertility_Vigor,5,8525,8525,0,0,-3.074243511379884,206.3407150894688,-6272.377112209797,1.4463393774385094,2.1420694092164916,3.995625897397474,5.501945434161655,7.534766639316786,14.455279338991561,22.03334513394226,42.931839715285605
P4_Drought_Vulnerability,5,8525,8525,0,0,0.05814879228107893,0.023412490047799432,-0.0002058753217233,0.013128150584175956,0.02238182061064254,0.0427195901098146,0.0566252972193751,0.0727717616813541,0.10085847737105594,0.11968581257997461,0.1494549037844179
P4_Fertility_Vigor,5,8525,8525,0,0,-2.1085605255687994,242.0692093126949,-8258.362017989159,1.8664353780080825,2.825471572774495,4.618567632951738,6.288509440470192,10.483088564075215,25.937956531668743,34.14018736885196,57.179143420731634
Cum_PPT_P1,5,8525,8525,0,0,33.681038347152324,30.35370390852734,0.2101490497589111,7.357105407714844,8.03856086730957,13.30051612854004,21.68128204345703,43.52254104614258,104.19174194335933,138.11294067382812,194.98699951171875
Cum_PPT_P2,5,8525,8525,0,0,70.08921957293738,38.411499529922395,8.338824272155762,16.625621185302734,19.668560600280767,49.98770523071289,62.63488960266113,77.92077541351318,158.13134689331054,205.11065155029297,271.0556869506836
Cum_PPT_P3,5,8525,8525,0,0,109.2884359432263,54.5690052987829,14.065804481506348,60.55655364990235,62.59885368347169,73.53520202636719,82.1553783416748,140.59957122802734,228.38175735473604,289.46546997070317,376.878044128418
Cum_PPT_P4,5,8525,8525,0,0,126.16844539735237,61.8358301919453,32.83914279937744,62.600785160064696,64.10556845664978,79.83341693878174,103.72881889343262,160.44615983963013,254.59414329528806,315.82709434509286,411.1587562561035
Cum_FDD_P1,5,8525,8525,0,8378,0.024496337716905344,0.27489894850713564,0.0,0.0,0.0,0.0,0.0,0.0,0.0,0.43599711894989973,8.988374710083008
Cum_FDD_P2,5,8525,8525,0,0,225.0393731608066,168.9031418334681,58.18936538696289,66.18982482910157,76.66087951660157,142.43600463867188,181.36602783203125,239.858139038086,544.8996826171867,986.4873460388202,1406.6521762609482
Cum_FDD_P3,5,8525,8525,0,0,226.31122645783512,172.63823091384634,58.18936538696289,66.18982482910157,76.66087951660157,142.60198974609375,181.4403839111328,240.52882385253903,550.9004159927349,1005.63104151249,1483.0194553136826
Cum_FDD_P4,5,8525,8525,0,0,226.32459414587848,172.7083452728128,58.18936538696289,66.18982482910157,76.66087951660157,142.60198974609375,181.4403839111328,240.52882385253903,550.9004159927349,1005.63104151249,1487.5046175718307
Cum_VPD_P1,5,8525,8525,0,0,0.7251538650573524,0.25604720670835723,0.1687158793210983,0.19801669538021083,0.25204076170921325,0.5504213571548462,0.733778715133667,0.94805908203125,1.0941069364547729,1.1209593391418458,1.1592882871627808
Cum_VPD_P2,5,8525,8525,0,0,1.0185569468385314,0.28891637887681143,0.2713555097579955,0.36364465594291673,0.45334320366382586,0.8353917896747589,1.055813908576965,1.2431732416152952,1.41506969332695,1.456050639152527,1.4751392602920532
Cum_VPD_P3,5,8525,8525,0,0,1.85869703493772,0.49073969128822337,0.5580531433224677,0.733742150068283,0.8295173197984694,1.5524249374866486,1.956906855106353,2.2664774954319,2.4695572972297666,2.560801675319672,2.627768993377685
Cum_VPD_P4,5,8525,8525,0,0,3.069004918372701,0.8156606543069369,0.8004494607448577,1.0954002204537392,1.355957344174385,2.484444439411164,3.299215972423553,3.743476927280426,4.028793078660965,4.073926583528519,4.116010308265686
Delta_NDVI_P2,5,8525,8525,0,0,-0.12322209621514699,0.21207751873810599,-0.7104267328977585,-0.5267958766222001,-0.4382933139801025,-0.2877089381217956,-0.144776463508606,0.0319641977548598,0.2502098888158798,0.3514108586311343,0.5454851239919662
Delta_NDWI_P2,5,8525,8525,0,0,-0.09794954045997331,0.22515740947043886,-0.7067925482988358,-0.5842677581310272,-0.4846952468156813,-0.2663939930498599,-0.0831401925534009,0.0777260661125183,0.23219410330057141,0.3734035807847981,0.8333589360117912
Delta_SM_P2,5,8525,8525,0,0,0.0011421344245721172,0.03690973044740379,-0.1058134734630584,-0.09307572245597837,-0.05660284161567688,-0.0246504545211792,0.0019192695617676,0.0193886905908584,0.070934960246086,0.08309933781623849,0.0906129330396652
Delta_NDVI_P3,5,8525,8525,0,0,0.16648717280504596,0.1434473633557172,-0.2995103895664215,-0.11445092558860777,-0.0304893255233764,0.053406998515129,0.1521501541137695,0.2645165920257569,0.4231761991977686,0.5157929265499116,0.6326463520526886
Delta_NDWI_P3,5,8525,8525,0,0,0.1546258919192503,0.1551850041552112,-0.8678878545761108,-0.27669897355139256,-0.0524319291114806,0.0454886271618306,0.1408137716352939,0.2632783651351928,0.4190387561917304,0.4859500068356283,0.5762113521341234
Delta_SM_P3,5,8525,8525,0,0,-0.03481748750176595,0.04115588913983887,-0.1344480961561203,-0.13330230176448818,-0.12959353923797604,-0.0518491268157959,-0.0267584919929504,-0.0078379660844802,0.022425174713134627,0.03624235987663256,0.0427263975143432
Delta_NDVI_P4,5,8525,8525,0,0,0.10673008623186095,0.1879291210398372,-0.5816850364208221,-0.42709942460060124,-0.22361577749252312,-0.0059535205364226,0.1134166717529296,0.2405202984809875,0.3912202417850493,0.4907756018638614,0.713272124528885
Delta_NDWI_P4,5,8525,8525,0,0,0.1585009020636671,0.18304241753341885,-0.4571535140275955,-0.3041297187656164,-0.11967803239822386,0.0395724475383758,0.1450706226751208,0.2620962634682655,0.49901299420744133,0.6284452244639398,0.8229950368404388
Delta_SM_P4,5,8525,8525,0,0,-0.006780123713472707,0.054965226790364315,-0.1298229694366455,-0.10643160998821248,-0.0733529835939407,-0.0534794777631759,-0.0149002224206923,0.0224756151437759,0.10425550043582903,0.11844875097274785,0.1711734719574452
