feature,count,missing,zero_count,mean,std,min,p1,p5,p25,p50,p75,p95,p99,max
P1_WUE,119385,0,0,0.3107301260240622,0.2342861005864653,-0.0675157442993394,0.07149712013158513,0.10732667082290741,0.1848721470374762,0.2619673689783054,0.3680669820712181,0.6706001048007937,1.041819236097801,10.60564873931191
P1_Decoupling_Stress,119385,0,0,4.4529505561938745,3.2010670125835587,0.4323826116359435,1.2012842741728436,1.5675701582625376,2.845249403190318,4.11281012048251,5.535668788861505,7.881319799930303,10.064477083386581,181.07788564467523
P1_Thermal_Efficiency,119385,0,0,0.0008287198516181461,0.0009121349754561631,-0.0017665990054245,0.000239614194465192,0.00031591659921614,0.0005126107511807,0.0007038847974523,0.001017189907392,0.0017087110752746796,0.0025164947539910803,0.253484308719635
P1_Hydrothermal_Balance,119385,0,0,3.541028730465039,3.740734104176219,0.0093510237209665,0.2461064143195716,0.49911080016591075,1.4071308832488734,2.953534175445604,4.895047971737459,8.692570202008097,10.99550796679923,562.1516418457031
P2_WUE,119385,0,0,0.40837891655405745,0.2614416875500451,-0.2103969548179472,0.0465366820504892,0.1073606772063488,0.2097495153225242,0.3422339930821248,0.5522903173696856,0.9221464377432211,1.1785818127975298,4.3314284480429786
P2_Decoupling_Stress,119385,0,0,2.07428963006405,1.4849800310828696,0.3516968003617918,0.8979149302969143,1.003995399556866,1.404074463462036,1.835677444426304,2.369552174552376,3.6996179055152494,5.146734150579943,63.486525806699966
P2_Thermal_Efficiency,119385,0,0,0.0039298664508097166,0.00836416549180815,-0.0042269676542714,0.0007183932091855,0.00115485580714048,0.0020375548432842,0.0028947388731573,0.0043862291886827,0.009471911910964758,0.01611888292483469,1.836473472878368
P2_Hydrothermal_Balance,119385,0,0,77.71469724861794,620.4575404828153,3.321755616677361,5.032687184349965,6.905111837241727,15.946459772340296,23.548818946115485,45.78241862455147,337.16168975830055,684.4092742919931,148651.64263033224
P3_WUE,119385,0,0,0.7313340522724391,0.4153173312083104,-0.0300643744035108,0.11805426740115257,0.1926413113695038,0.4032824507723448,0.6939794205419947,1.009360532418624,1.3919784914041344,1.6370859331272765,11.33567560684918
P3_Decoupling_Stress,119385,0,0,5.3829321327243775,4.040683440113223,0.3375199582418888,1.425909835192866,1.725638006843189,2.9754844665302285,4.7636230943632585,6.972415096312937,10.534583968575026,13.344336745016614,164.5884967156689
P3_Thermal_Efficiency,119385,0,0,0.0012684791793747747,0.0015088895209140298,-0.0010272317390454,0.000367748266892192,0.00055303426880932,0.0009780273991237,0.0012508571643324,0.0014923769127895,0.0020863858232668788,0.0024513415441202524,0.3176774026530889
P3_Hydrothermal_Balance,119385,0,0,5.2046110332401625,6.848679455882691,0.0856835471340578,0.5764550008998959,1.565004569896264,3.062054453059482,4.39492172644813,6.471217027795408,10.958247779053284,15.724450292530472,809.3228912353516
P4_WUE,119385,0,0,1.0693747649529348,0.5490333447780021,-0.0401931793909376,0.20924933783872604,0.35453576638321926,0.7065909882563316,0.981891392347073,1.347242974499364,2.0763933585720604,2.520675168202683,22.07939983136984
P4_Decoupling_Stress,119385,0,0,7.5818625464770415,6.161826723179204,0.541581226807896,1.9397078729783306,2.446114406675525,4.2674546500220885,6.66635268881291,9.67826613879114,15.327024008011664,18.993154517979516,470.6383247995848
P4_Thermal_Efficiency,119385,0,0,0.0023477479072743857,0.0011641851540313832,-0.0007846609641805,0.000798312217916108,0.00132998247153448,0.0019567506139397,0.0023391516360988,0.002702948332275,0.0033168050203773594,0.00414122875495422,0.2624698877334595
P4_Hydrothermal_Balance,119385,0,0,1.9539796383795334,2.5375471515112737,0.0016283993645395,0.03448133859148482,0.19899248011175683,0.8598442567268632,1.5254891029911404,2.60846863178693,5.034140244983773,8.123560969581568,348.5751342773437
P1_Drought_Vulnerability,119385,0,0,0.0243972941321966,0.010377280468496371,-0.0001116336118658,0.008133640092301768,0.01072369390856502,0.0168137848452054,0.0228937713708758,0.0302239253152433,0.04314145006746137,0.05456628812322777,0.1206801788424624
P1_Fertility_Vigor,119385,0,0,-1.5755386627442889,177.5792818415238,-13841.513125419617,1.0846185263760888,1.4926305080574416,2.54271027581558,3.851789401394967,6.433502384240454,14.460013567549408,22.75813134617692,4642.9401433467865
P2_Drought_Vulnerability,119385,0,0,0.01112560341732723,0.003715973735951965,-4.145173125930907e-05,0.0053141932311906994,0.0062197246455265,0.0082173937845387,0.0106049652500246,0.0134597273040536,0.017939594897495453,0.021101681607471938,0.0363427299988071
P2_Fertility_Vigor,119385,0,0,0.12256786896823045,156.07086190227355,-7600.347248196602,1.1219246805743321,1.8718425393203688,3.31447388528386,5.138767130781388,8.151113748791886,14.209961939885265,20.580411474107716,712.1098136007786
P3_Drought_Vulnerability,119385,0,0,0.02506695546660914,0.011810544980980308,-0.0001140684552563,0.008498243212417394,0.01055282080036186,0.0149151201195575,0.023375319504023,0.0328878001884684,0.04663295701886669,0.056887024297860814,0.1098858361262191
P3_Fertility_Vigor,119385,0,0,0.6595301261440611,197.46558720766046,-8148.121139645576,1.5876504954643444,2.554781592717487,4.876480514048297,7.350734151658116,11.359626870184911,17.48995069932936,24.12712899732141,606.4746470823878
P4_Drought_Vulnerability,119385,0,0,0.03923059170458351,0.019589935625528444,-0.0002058753217233,0.012530742395417026,0.01553971880421036,0.0229665005951789,0.0361878603523621,0.0509918482710023,0.07599702221633767,0.09505665721416315,0.1783931044616383
P4_Fertility_Vigor,119385,0,0,0.09415198475554036,245.93653979756874,-8882.85133588314,2.2604209395493213,3.9916196033663427,6.282903377137984,9.027657226932206,13.05458367088704,20.22237164542844,27.402773360050155,59.36322247605858
Cum_PPT_P1,119385,0,0,47.1898267204179,33.7313638542134,0.1936293542385101,3.385043210983276,7.20111951828003,20.07179832458496,39.84557342529297,64.98290252685547,114.76587677001953,146.06909606933613,217.467041015625
Cum_PPT_P2,119385,0,0,90.2560064713159,50.33653438513824,4.176278382539749,8.96620374917984,21.714434242248537,51.72600173950195,81.6440200805664,117.77620315551758,190.86217193603497,231.8242291259766,333.01597595214844
Cum_PPT_P3,119385,0,0,143.37487706570786,62.66855767786968,6.457674324512482,42.164585704803464,61.85876960754395,92.72175788879396,136.5548973083496,177.88511848449707,261.2629005432128,329.77825012207035,477.5882034301758
Cum_PPT_P4,119385,0,0,176.1556411990577,77.09778110171415,15.603149592876434,62.70789969921112,75.87008795738221,122.20596694946288,165.4785861968994,210.2759017944336,322.96643218994114,434.4232156372071,634.8972778320312
Cum_FDD_P1,119385,0,117325,0.03212058741328186,1.3110704023352464,0.0,0.0,0.0,0.0,0.0,0.0,0.0,0.2777694416046165,296.81103515625
Cum_FDD_P2,119385,0,1723,65.94997397046242,105.75357993215543,0.0,0.0,1.670998859405519,15.358610153198242,39.64906692504883,83.23149108886719,186.204824829101,570.7752539062521,1643.6476774215698
Cum_FDD_P3,119385,0,1378,66.47226815420507,108.17069666151501,0.0,0.0,1.7267285585403442,15.534756660461426,39.76897811889648,83.4656753540039,186.53493347167966,588.2415719223026,1804.50113105774
Cum_FDD_P4,119385,0,1378,66.4951976547831,108.35929123614257,0.0,0.0,1.7267285585403442,15.534756660461426,39.76897811889648,83.46759796142578,186.53493347167966,588.7389526546011,1810.6510372161863
Cum_VPD_P1,119385,0,0,0.5900801970379613,0.17991411286201037,0.0864922180771827,0.24372506082057946,0.31962083578109746,0.4620909690856933,0.5829168558120728,0.7072731256484985,0.8264541387557983,1.105855569839478,1.913207650184632
Cum_VPD_P2,119385,0,0,0.8594908533436013,0.20203548860007683,0.168089210987091,0.44169064044952383,0.5464143395423889,0.7216208577156067,0.8661338090896606,0.97600519657135,1.1453908026218411,1.4285853314399724,2.38449999690056
Cum_VPD_P3,119385,0,0,1.4533283056634732,0.36027767324231863,0.2472009584307669,0.7720274537801742,0.9110852301120757,1.2058089673519137,1.4378645569086077,1.6782438158988953,2.0137278378009795,2.47659029006958,4.1060790717601785
Cum_VPD_P4,119385,0,0,2.3850589852309705,0.6227993849793482,0.3794829621911046,1.2101145833730698,1.4237732589244843,1.9310824275016785,2.380264937877655,2.771033257246017,3.347212356328964,4.034626766443254,6.6891398429870605
Delta_NDVI_P2,119385,0,0,0.08108761694785736,0.21270549795664007,-0.8336212038993835,-0.4219924855232238,-0.2844554543495178,-0.0614124536514282,0.0858634710311889,0.2332788705825805,0.41989240944385536,0.5296856474876405,2.565551534295082
Delta_NDWI_P2,119385,0,0,0.10472662891077965,0.21820330575216548,-0.778189018368721,-0.4313817004114389,-0.2772455245256423,-0.0263527482748031,0.1085234256461263,0.2495627757161855,0.4419322838075457,0.5821859857439998,1.1680135279893875
Delta_SM_P2,119385,0,0,0.018311749466834483,0.04927794525661292,-0.1058134734630584,-0.07989331543445588,-0.06977884471416468,-0.0132090151309967,0.0160922110080719,0.0522874742746353,0.09925355911254873,0.1459875643253326,0.1847682595252991
Delta_NDVI_P3,119385,0,0,0.14788891744037605,0.14223088168919454,-2.107795834541321,-0.15135726213455197,-0.053098618984222315,0.0502827167510985,0.1331725269556045,0.2297911643981933,0.40404570102691634,0.5373433196544649,0.8676903694868087
Delta_NDWI_P3,119385,0,0,0.13621732250231128,0.14260900918343886,-1.0322476625442505,-0.2837030750513077,-0.06189882270991798,0.0489135347306728,0.1337236873805522,0.2223747745156288,0.37253463119268393,0.4632292492687702,1.1231069266796112
Delta_SM_P3,119385,0,0,-0.020300956694815284,0.03660195236068775,-0.1664787828922271,-0.0917841684818268,-0.07432228922843934,-0.0479800850152969,-0.0230981409549713,0.0099435448646544,0.03919184207916248,0.04996108949184417,0.0583480298519135
Delta_NDVI_P4,119385,0,0,0.10949135760524127,0.15165525910731703,-0.6238602101802827,-0.25482243299484253,-0.1331191301345825,0.014220654964447,0.1025360822677612,0.2052785754203796,0.36861116290092416,0.4809218490123749,0.7976000532507896
Delta_NDWI_P4,119385,0,0,0.14361044375641868,0.1461375359593011,-0.5801231861114501,-0.1774372136592865,-0.06617814153432844,0.0474773645401001,0.1258479207754135,0.2289976142346859,0.41067952557932574,0.5375733879953623,0.8229950368404388
Delta_SM_P4,119385,0,0,-0.018118238572321286,0.039736405807479516,-0.1446327567100525,-0.08770212292671199,-0.07480484247207637,-0.0498985350131989,-0.0180111825466156,0.0060263872146605,0.0581720083951949,0.09053673863410946,0.1711734719574452
