,P1_WUE,P1_Decoupling_Stress,P1_Thermal_Efficiency,P1_Hydrothermal_Balance,P2_WUE,P2_Decoupling_Stress,P2_Thermal_Efficiency,P2_Hydrothermal_Balance,P3_WUE,P3_Decoupling_Stress,P3_Thermal_Efficiency,P3_Hydrothermal_Balance,P4_WUE,P4_Decoupling_Stress,P4_Thermal_Efficiency,P4_Hydrothermal_Balance,P1_Drought_Vulnerability,P1_Fertility_Vigor,P2_Drought_Vulnerability,P2_Fertility_Vigor,P3_Drought_Vulnerability,P3_Fertility_Vigor,P4_Drought_Vulnerability,P4_Fertility_Vigor,Cum_PPT_P1,Cum_PPT_P2,Cum_PPT_P3,Cum_PPT_P4,Cum_FDD_P1,Cum_FDD_P2,Cum_FDD_P3,Cum_FDD_P4,Cum_VPD_P1,Cum_VPD_P2,Cum_VPD_P3,Cum_VPD_P4,Delta_NDVI_P2,Delta_NDWI_P2,Delta_SM_P2,Delta_NDVI_P3,Delta_NDWI_P3,Delta_SM_P3,Delta_NDVI_P4,Delta_NDWI_P4,Delta_SM_P4,Sand,Clay,SOC,P1_Tmean,P1_PPT,P1_SM,P1_GDD,P1_FDD,P1_VPD,P1_VPD_max,P1_NDVI,P1_NDVI_max,P1_NDWI,P1_NIRv,P1_EVI,P1_EVI_max,P2_Tmean,P2_PPT,P2_SM,P2_GDD,P2_FDD,P2_VPD,P2_VPD_max,P2_NDVI,P2_NDVI_max,P2_NDWI,P2_NIRv,P2_EVI,P2_EVI_max,P3_Tmean,P3_PPT,P3_SM,P3_GDD,P3_FDD,P3_VPD,P3_VPD_max,P3_NDVI,P3_NDVI_max,P3_NDWI,P3_NIRv,P3_EVI,P3_EVI_max,P4_Tmean,P4_PPT,P4_SM,P4_GDD,P4_FDD,P4_VPD,P4_VPD_max,P4_NDVI,P4_NDVI_max,P4_NDWI,P4_NIRv,P4_EVI,P4_EVI_max
P1_WUE,1.0,0.3219,0.5945,-0.3241,0.1001,0.2108,0.1189,0.1534,-0.0748,0.24,-0.144,-0.2152,0.0378,0.1756,0.0824,-0.0767,0.3167,0.3321,0.1801,-0.152,0.2462,-0.284,0.1865,-0.2377,-0.3334,-0.2837,-0.3424,-0.3419,0.0619,0.1916,0.1923,0.1923,0.2858,0.2624,0.2683,0.2273,-0.4571,-0.4581,0.1952,-0.2477,-0.1775,0.0427,0.1538,0.1143,0.087,0.1691,-0.208,-0.184,0.0506,-0.3334,-0.4224,-0.0441,0.0619,0.2858,0.138,0.7379,0.6987,0.5554,0.8581,0.1244,0.0846,-0.1912,-0.1518,-0.2992,-0.1154,0.1916,0.0655,0.0529,-0.0521,0.0055,-0.1826,-0.012,-0.1393,-0.1511,-0.0351,-0.2319,-0.2761,-0.0709,0.1403,0.2247,0.1873,-0.2341,-0.1425,-0.2641,-0.2,-0.1947,-0.1968,-0.1534,-0.1101,-0.1981,-0.3289,0.0748,0.1317,0.1537,-0.1353,-0.1078,-0.2221,-0.0801,-0.2636,-0.2715
P1_Decoupling_Stress,0.3219,1.0,-0.2439,-0.53,0.3133,0.5385,0.2519,0.0799,0.3953,0.674,-0.1465,-0.6479,0.4186,0.5804,0.167,-0.5206,0.8235,-0.5043,0.3958,-0.3788,0.6249,-0.415,0.5031,-0.5044,-0.4916,-0.5235,-0.7001,-0.7715,-0.0146,0.2665,0.2636,0.2635,0.8953,0.8639,0.8671,0.7472,0.1676,0.1268,0.5068,0.051,0.1454,-0.1585,-0.0275,-0.041,0.0667,0.2127,-0.3181,-0.5506,0.3321,-0.4916,-0.9112,0.298,-0.0146,0.8953,0.8747,-0.2407,-0.0806,-0.2908,-0.1234,-0.2923,-0.3898,-0.2851,-0.3763,-0.6494,-0.1777,0.2667,0.3097,0.2892,0.024,0.123,-0.0929,0.1042,-0.0268,-0.0292,0.4834,-0.5492,-0.7005,0.4675,0.0107,0.7097,0.6043,0.055,0.1848,0.033,0.1275,0.0454,0.1254,0.2182,-0.5238,-0.611,-0.2254,0.0474,0.4835,0.5264,0.059,0.0972,-0.0308,0.1443,-0.1653,-0.1977
P1_Thermal_Efficiency,0.5945,-0.2439,1.0,-0.0567,-0.1068,-0.1542,-0.0748,0.0908,-0.2812,-0.2082,0.1373,0.174,-0.2212,-0.2042,0.0227,0.2401,-0.1648,0.643,-0.1062,0.1587,-0.152,0.0693,-0.1322,0.1575,-0.0924,0.0523,0.0678,0.1132,0.1244,-0.0083,-0.0051,-0.0051,-0.2063,-0.2225,-0.2427,-0.207,-0.4855,-0.4912,-0.06,-0.2144,-0.1935,0.1587,0.1108,0.0678,0.0186,0.0585,0.0058,0.2387,-0.1663,-0.0924,0.1269,-0.4714,0.1244,-0.2063,-0.3339,0.7813,0.8714,0.657,0.7436,0.3482,0.3674,0.0392,0.161,0.1448,0.0828,-0.0085,-0.1792,-0.1448,-0.0432,-0.0117,-0.1232,-0.0759,-0.1526,-0.1567,-0.3995,0.0603,0.1974,-0.5146,0.1926,-0.2167,-0.2115,-0.2041,-0.1708,-0.2317,-0.2362,-0.3433,-0.4036,-0.3458,0.1889,0.1958,-0.152,0.1077,-0.1725,-0.1942,-0.1512,-0.1211,-0.2111,-0.1534,-0.2745,-0.2446
P1_Hydrothermal_Balance,-0.3241,-0.53,-0.0567,1.0,-0.2107,-0.3615,0.0138,-0.0101,-0.2475,-0.2134,-0.1486,0.1307,-0.209,-0.1732,-0.2326,0.1074,-0.5565,0.2809,-0.2109,0.2523,-0.1844,0.1734,-0.1365,0.2792,0.989,0.7078,0.6041,0.5688,-0.0051,-0.2358,-0.234,-0.234,-0.7023,-0.6784,-0.4886,-0.3248,-0.0553,-0.0759,-0.4615,-0.2163,-0.2073,-0.4373,0.137,0.1198,0.076,-0.0608,0.0951,0.3028,-0.3012,0.989,0.6989,-0.0564,-0.0051,-0.7023,-0.2414,0.1356,-0.1036,0.1894,0.0255,0.107,0.1585,0.0803,0.2038,0.4216,-0.0853,-0.236,-0.2592,-0.2097,0.0323,-0.1086,0.079,-0.0561,0.0622,-0.0219,-0.178,0.076,0.1672,-0.0746,-0.0288,-0.2027,-0.2278,-0.1445,-0.2589,-0.0893,-0.185,-0.059,-0.0321,0.212,0.1517,0.1702,0.2718,-0.0476,-0.1079,-0.1723,-0.0523,-0.1109,0.0196,-0.1676,0.0562,0.0619
P2_WUE,0.1001,0.3133,-0.1068,-0.2107,1.0,0.2314,0.506,-0.2361,0.7234,0.2415,0.3673,-0.2077,0.4524,0.2427,0.3887,-0.1708,0.2918,-0.258,0.1871,0.3713,0.2052,0.144,0.2013,-0.0759,-0.1915,-0.2279,-0.2264,-0.2411,-0.0633,-0.1355,-0.1363,-0.1363,0.3246,0.3394,0.3139,0.295,0.7472,0.5779,0.1027,-0.1073,0.1742,0.0244,-0.3444,-0.3686,0.0386,0.0228,-0.0977,-0.2787,0.1978,-0.1915,-0.308,0.3386,-0.0633,0.3246,0.2711,-0.1321,0.0752,-0.1461,-0.047,-0.0159,-0.0199,0.1074,-0.1856,-0.2812,0.0808,-0.1355,0.2055,0.125,0.8583,0.854,0.6453,0.931,0.3886,0.3604,0.2504,-0.1293,-0.2404,0.2977,-0.1362,0.2311,0.2231,0.6097,0.6199,0.6071,0.6507,0.2852,0.2626,0.1158,-0.1573,-0.1969,-0.0821,-0.0562,0.2157,0.2692,0.4076,0.4345,0.3586,0.4424,0.1558,0.1357
P2_Decoupling_Stress,0.2108,0.5385,-0.1542,-0.3615,0.2314,1.0,0.2961,0.1103,0.2911,0.7589,-0.3059,-0.4504,0.2591,0.5685,0.0862,-0.3146,0.6427,-0.3841,0.7795,-0.4581,0.7157,-0.4252,0.6201,-0.4837,-0.364,-0.7117,-0.7274,-0.7161,0.0161,0.588,0.5855,0.5855,0.4807,0.6239,0.7382,0.6976,-0.0348,-0.075,-0.2855,0.096,0.1735,0.2153,-0.0031,-0.0274,0.1761,0.3893,-0.4964,-0.483,0.0104,-0.364,-0.4931,0.0676,0.0161,0.4807,0.4884,-0.1142,-0.0471,-0.0868,-0.0423,-0.127,-0.1913,-0.5425,-0.7442,-0.8754,-0.3455,0.5881,0.8201,0.8578,-0.1474,-0.0318,-0.2091,-0.0605,-0.3057,-0.3215,0.4724,-0.342,-0.6975,0.4214,0.0686,0.7149,0.7582,-0.0437,0.0282,-0.0338,0.0177,-0.1417,-0.1065,0.3031,-0.2802,-0.5225,-0.2932,0.0557,0.5476,0.581,-0.057,-0.0645,-0.1027,-0.0091,-0.2808,-0.3175
P2_Thermal_Efficiency,0.1189,0.2519,-0.0748,0.0138,0.506,0.2961,1.0,0.3812,0.3261,0.4474,0.0905,-0.2893,0.3187,0.3037,0.2962,-0.2058,0.2825,-0.2776,0.3231,-0.0122,0.4413,-0.198,0.3444,-0.2279,-0.0389,-0.3443,-0.4228,-0.4336,0.006,0.4193,0.4177,0.4177,0.1136,0.1265,0.3114,0.3174,0.3119,0.2082,-0.1228,-0.1961,-0.0377,-0.0475,0.0688,0.0761,0.1742,0.2438,-0.3744,-0.3494,-0.3935,-0.0389,-0.2663,-0.0032,0.006,0.1136,0.1853,-0.0668,-0.0079,-0.1049,-0.0246,-0.1195,-0.1769,-0.6002,-0.5,-0.4568,-0.7217,0.4194,0.1385,0.0318,0.343,0.426,0.1675,0.378,-0.2079,-0.2744,-0.0434,-0.3098,-0.4633,0.0988,0.1455,0.4224,0.4,0.13,0.1976,0.0985,0.1594,-0.2197,-0.156,0.019,-0.2107,-0.3004,-0.2271,-0.0111,0.2553,0.291,0.2221,0.2209,0.1503,0.2363,-0.1527,-0.1675
P2_Hydrothermal_Balance,0.1534,0.0799,0.0908,-0.0101,-0.2361,0.1103,0.3812,1.0,-0.1671,0.385,-0.2447,-0.1918,0.0464,0.3029,0.0004,-0.2539,0.1688,-0.0521,0.1157,-0.361,0.364,-0.3209,0.3374,-0.1956,-0.0501,-0.0417,-0.1592,-0.2276,0.1244,0.6064,0.6066,0.6066,0.0159,-0.0418,0.1723,0.2577,-0.3286,-0.2293,-0.1571,-0.0826,-0.2564,-0.1602,0.2849,0.3018,-0.0148,0.2682,-0.2992,-0.1297,-0.2954,-0.0501,-0.1253,-0.2689,0.1244,0.0159,-0.0003,0.0719,0.0157,0.0672,0.0802,-0.0677,-0.1107,-0.7184,-0.0547,-0.2602,-0.624,0.6065,-0.1698,-0.0984,-0.3754,-0.2907,-0.2738,-0.3539,-0.675,-0.682,-0.0851,-0.2444,-0.3821,-0.0834,0.2317,0.3576,0.3616,-0.3451,-0.291,-0.38,-0.3361,-0.5051,-0.4607,0.054,-0.2711,-0.3326,-0.1689,0.1299,0.2948,0.2628,-0.1339,-0.1517,-0.1936,-0.1364,-0.4005,-0.4105
P3_WUE,-0.0748,0.3953,-0.2812,-0.2475,0.7234,0.2911,0.3261,-0.1671,1.0,0.3369,0.4743,-0.2641,0.6328,0.3552,0.4811,-0.3127,0.3547,-0.4057,0.1876,0.161,0.2689,0.2631,0.2743,-0.0423,-0.2046,-0.2069,-0.2236,-0.2684,-0.0841,-0.0503,-0.0529,-0.0529,0.4367,0.4469,0.4282,0.416,0.6629,0.5875,0.1421,0.4833,0.5926,-0.0733,-0.514,-0.4608,-0.0885,-0.0112,-0.0658,-0.3075,0.3434,-0.2046,-0.3265,0.4073,-0.0841,0.4367,0.4028,-0.3427,-0.0939,-0.3191,-0.2591,-0.1067,-0.1078,0.0567,-0.1373,-0.282,0.1023,-0.0502,0.2509,0.2355,0.5866,0.6429,0.5035,0.6509,0.2941,0.3071,0.4552,-0.1449,-0.2992,0.4795,-0.2344,0.3385,0.3484,0.8584,0.8483,0.8157,0.9057,0.3937,0.3867,0.2787,-0.2838,-0.3224,-0.0434,-0.058,0.327,0.3656,0.5338,0.5501,0.5151,0.5882,0.2538,0.2261
P3_Decoupling_Stress,0.24,0.674,-0.2082,-0.2134,0.2415,0.7589,0.4474,0.385,0.3369,1.0,-0.4158,-0.7469,0.3966,0.7725,0.0776,-0.6091,0.7335,-0.479,0.6543,-0.5201,0.9024,-0.5566,0.7755,-0.5796,-0.2037,-0.4797,-0.6837,-0.7682,0.0051,0.5228,0.5197,0.5197,0.5701,0.6172,0.8683,0.8821,0.0027,-0.0225,-0.1106,-0.0064,0.0333,-0.2666,0.1135,0.0802,0.1841,0.4162,-0.5521,-0.6061,0.0974,-0.2037,-0.5942,0.1931,0.0051,0.5701,0.6337,-0.1288,-0.0531,-0.1294,-0.0517,-0.1652,-0.2429,-0.6221,-0.543,-0.8424,-0.4937,0.5229,0.5028,0.4679,-0.1149,-0.0317,-0.1766,-0.0343,-0.2872,-0.3319,0.571,-0.6356,-0.9541,0.5712,-0.0315,0.9643,0.9712,-0.104,-0.0111,-0.1122,-0.0369,-0.1443,-0.1019,0.5161,-0.5684,-0.7635,-0.2065,0.036,0.7341,0.7438,0.0002,-0.0094,-0.1,0.0194,-0.326,-0.369
P3_Thermal_Efficiency,-0.144,-0.1465,0.1373,-0.1486,0.3673,-0.3059,0.0905,-0.2447,0.4743,-0.4158,1.0,0.2895,0.2551,-0.2877,0.4266,0.2338,-0.2054,0.0396,-0.3054,0.4622,-0.3939,0.5873,-0.3239,0.3937,-0.1544,0.0478,0.1461,0.194,0.0253,-0.2727,-0.2707,-0.2707,-0.0681,-0.1123,-0.2828,-0.2982,0.4495,0.3731,0.2125,0.3911,0.4405,0.2158,-0.3763,-0.3019,-0.1804,-0.2469,0.26,0.1752,-0.0045,-0.1544,0.0813,-0.1506,0.0253,-0.0681,-0.1973,-0.1274,0.0466,-0.11,-0.122,0.0558,0.0944,0.3322,0.2093,0.3056,0.2668,-0.2728,-0.2349,-0.2311,0.5001,0.5337,0.4251,0.4849,0.2332,0.2807,-0.3144,0.2103,0.408,-0.3375,0.0017,-0.4084,-0.3992,0.6998,0.7488,0.6352,0.6602,0.1417,0.1051,-0.3449,0.1937,0.2824,0.0489,0.0125,-0.2918,-0.2712,0.4636,0.5067,0.4462,0.5116,0.2222,0.2482
P3_Hydrothermal_Balance,-0.2152,-0.6479,0.174,0.1307,-0.2077,-0.4504,-0.2893,-0.1918,-0.2641,-0.7469,0.2895,1.0,-0.3693,-0.6362,-0.0151,0.5259,-0.5914,0.4308,-0.3516,0.4002,-0.6886,0.5115,-0.5833,0.5289,0.1062,0.2531,0.6135,0.6883,0.0265,-0.1965,-0.1946,-0.1946,-0.5264,-0.5049,-0.7056,-0.727,-0.0747,-0.0121,-0.1542,0.1226,0.0434,0.5736,-0.1259,-0.0935,-0.1848,-0.2421,0.3448,0.5713,-0.1461,0.1062,0.5312,-0.163,0.0265,-0.5264,-0.6377,0.0861,0.0643,0.0959,0.0296,0.1976,0.2398,0.3166,0.2681,0.5043,0.261,-0.1966,-0.1856,-0.2594,-0.0117,-0.0524,0.0757,-0.0458,0.0108,0.0551,-0.4071,0.9527,0.802,-0.3941,0.0537,-0.7855,-0.6582,0.0979,0.023,0.0888,0.0513,0.0396,-0.0254,-0.4011,0.498,0.6355,0.0658,-0.0045,-0.5916,-0.5997,-0.0283,-0.0248,0.0437,-0.0529,0.2346,0.2619
P4_WUE,0.0378,0.4186,-0.2212,-0.209,0.4524,0.2591,0.3187,0.0464,0.6328,0.3966,0.2551,-0.3693,1.0,0.5941,0.644,-0.5426,0.3882,-0.4427,0.1658,-0.1058,0.3521,-0.0594,0.4752,-0.0534,-0.1827,-0.1642,-0.2666,-0.3779,-0.0664,0.018,0.0152,0.0152,0.3991,0.3561,0.418,0.5367,0.4081,0.3526,0.1917,0.2827,0.3386,-0.2049,0.1507,0.0393,-0.3648,0.0155,-0.1702,-0.4261,0.2035,-0.1827,-0.3789,0.3474,-0.0664,0.3991,0.3852,-0.2589,-0.0371,-0.223,-0.1715,-0.2124,-0.2039,-0.0939,-0.1052,-0.3106,-0.0873,0.0182,0.0707,0.1619,0.3133,0.375,0.2562,0.3643,0.1351,0.1492,0.2857,-0.2954,-0.3847,0.3594,-0.1053,0.3998,0.3898,0.4669,0.5399,0.4433,0.5062,0.2667,0.2991,0.3424,-0.5245,-0.5927,0.0362,-0.0208,0.5489,0.567,0.7718,0.7762,0.5294,0.8433,0.1935,0.1648
P4_Decoupling_Stress,0.1756,0.5804,-0.2042,-0.1732,0.2427,0.5685,0.3037,0.3029,0.3552,0.7725,-0.2877,-0.6362,0.5941,1.0,0.1226,-0.8393,0.6198,-0.4572,0.4486,-0.4242,0.7331,-0.4589,0.891,-0.4986,-0.1523,-0.2463,-0.4538,-0.6214,-0.0082,0.2284,0.2254,0.2253,0.4903,0.472,0.6805,0.9116,0.0913,0.0579,0.0037,0.0316,0.0646,-0.3612,0.0572,-0.027,-0.3473,0.3202,-0.4547,-0.5631,0.1481,-0.1523,-0.4924,0.3082,-0.0082,0.4903,0.5676,-0.1451,-0.0014,-0.1096,-0.0707,-0.1412,-0.1589,-0.3767,-0.2647,-0.6193,-0.2872,0.2285,0.2274,0.3913,-0.0164,0.0546,-0.057,0.0492,-0.1198,-0.149,0.4169,-0.545,-0.7696,0.477,0.0006,0.7726,0.7349,0.0111,0.078,0.0138,0.0652,-0.0163,0.0287,0.5642,-0.8068,-0.9646,-0.0982,0.0349,0.9546,0.9735,0.1043,0.1133,-0.035,0.146,-0.1649,-0.2103
P4_Thermal_Efficiency,0.0824,0.167,0.0227,-0.2326,0.3887,0.0862,0.2962,0.0004,0.4811,0.0776,0.4266,-0.0151,0.644,0.1226,1.0,-0.1173,0.1854,-0.1477,0.0942,0.1496,0.101,0.1921,0.1007,0.2413,-0.2379,-0.1833,-0.1527,-0.1694,-0.0205,0.0987,0.0992,0.0992,0.2291,0.2205,0.1673,0.1354,0.3238,0.2592,0.175,0.2414,0.3377,0.0615,0.1522,0.0538,-0.1184,0.0113,-0.0926,-0.1185,0.0896,-0.2379,-0.2263,0.1734,-0.0205,0.2291,0.053,-0.0968,0.1262,-0.1372,-0.0403,0.1073,0.1016,-0.0651,-0.0689,-0.109,-0.0123,0.0986,0.0697,0.0415,0.3413,0.4434,0.2087,0.3701,0.1065,0.1189,0.0504,0.0132,-0.0541,0.0953,-0.0014,0.0837,0.0915,0.4628,0.5543,0.4056,0.4775,0.1543,0.1761,-0.1641,-0.1575,-0.1136,-0.4288,-0.0255,0.0868,0.1225,0.7441,0.7853,0.5138,0.7445,0.1816,0.1649
P4_Hydrothermal_Balance,-0.0767,-0.5206,0.2401,0.1074,-0.1708,-0.3146,-0.2058,-0.2539,-0.3127,-0.6091,0.2338,0.5259,-0.5426,-0.8393,-0.1173,1.0,-0.5046,0.3701,-0.2508,0.2658,-0.5743,0.2876,-0.7094,0.328,0.0712,0.0616,0.2736,0.509,0.0645,-0.1055,-0.1031,-0.1031,-0.4784,-0.4223,-0.5827,-0.764,-0.1394,-0.1398,-0.1501,-0.0478,-0.0568,0.4575,-0.0114,0.0462,0.4478,-0.2129,0.2979,0.3969,-0.2367,0.0712,0.3939,-0.3072,0.0645,-0.4784,-0.5561,0.1813,0.0775,0.2066,0.1222,0.0819,0.133,0.2387,0.0689,0.3833,0.1815,-0.1056,-0.0668,-0.2024,-0.0286,-0.0858,0.0144,-0.0684,0.0289,0.0474,-0.4517,0.4256,0.5933,-0.4965,0.0375,-0.6495,-0.5948,-0.0644,-0.1047,-0.0438,-0.1005,-0.0682,-0.1248,-0.5449,0.9862,0.8652,0.0417,0.0421,-0.7937,-0.7692,-0.1159,-0.1285,0.0138,-0.137,0.0592,0.0986
P1_Drought_Vulnerability,0.3167,0.8235,-0.1648,-0.5565,0.2918,0.6427,0.2825,0.1688,0.3547,0.7335,-0.2054,-0.5914,0.3882,0.6198,0.1854,-0.5046,1.0,-0.5264,0.7229,-0.4777,0.8316,-0.5126,0.7187,-0.5907,-0.5328,-0.5879,-0.7155,-0.7807,0.0047,0.3838,0.3809,0.3809,0.8185,0.8276,0.8702,0.7839,0.0989,0.0579,0.3044,0.0481,0.127,-0.0505,0.0054,-0.034,0.064,0.4351,-0.6863,-0.6231,0.2785,-0.5328,-0.8066,0.2227,0.0047,0.8185,0.6758,-0.1933,-0.0206,-0.2207,-0.0752,-0.1967,-0.2936,-0.3857,-0.4332,-0.7258,-0.241,0.384,0.4282,0.3982,-0.0359,0.0768,-0.1411,0.0586,-0.1356,-0.1429,0.49,-0.4948,-0.7099,0.455,0.0071,0.7468,0.7073,0.0071,0.1276,-0.0148,0.0809,-0.0388,0.01,0.2316,-0.5052,-0.6237,-0.2852,0.0642,0.5473,0.5876,0.0315,0.0626,-0.0829,0.1061,-0.2358,-0.2719
P1_Fertility_Vigor,0.3321,-0.5043,0.643,0.2809,-0.258,-0.3841,-0.2776,-0.0521,-0.4057,-0.479,0.0396,0.4308,-0.4427,-0.4572,-0.1477,0.3701,-0.5264,1.0,-0.3508,0.5427,-0.4686,0.4956,-0.4451,0.6201,0.254,0.3817,0.4574,0.4999,0.0935,-0.2269,-0.2234,-0.2234,-0.4821,-0.4857,-0.5462,-0.5297,-0.4684,-0.4052,-0.1754,-0.2102,-0.2373,0.0748,0.0256,0.0191,0.0481,-0.0925,0.3024,0.7735,-0.1547,0.254,0.4566,-0.311,0.0935,-0.4821,-0.4538,0.7307,0.5313,0.5844,0.6331,0.4258,0.4532,0.2515,0.3436,0.4484,0.2321,-0.2272,-0.2613,-0.225,-0.0509,-0.1047,-0.0466,-0.1208,-0.0414,-0.065,-0.3906,0.3438,0.4488,-0.4484,0.1216,-0.494,-0.4746,-0.1995,-0.253,-0.2051,-0.2502,-0.2246,-0.2599,-0.3505,0.3309,0.4334,-0.0321,0.0499,-0.4303,-0.4576,-0.2413,-0.2397,-0.2065,-0.2931,-0.1114,-0.0805
P2_Drought_Vulnerability,0.1801,0.3958,-0.1062,-0.2109,0.1871,0.7795,0.3231,0.1157,0.1876,0.6543,-0.3054,-0.3516,0.1658,0.4486,0.0942,-0.2508,0.7229,-0.3508,1.0,-0.4228,0.8171,-0.4437,0.6962,-0.4728,-0.2276,-0.578,-0.594,-0.5901,-0.0311,0.5253,0.5235,0.5235,0.3254,0.4713,0.6017,0.562,-0.0414,-0.1076,-0.2682,0.004,0.0976,0.1617,0.0574,0.0313,0.2132,0.5615,-0.8452,-0.4615,-0.0884,-0.2276,-0.3913,0.0209,-0.0311,0.3254,0.3326,-0.0752,-0.0207,-0.0455,-0.0156,-0.04,-0.1101,-0.5106,-0.6806,-0.7427,-0.3775,0.5254,0.7449,0.617,-0.1276,-0.0448,-0.2217,-0.0508,-0.2828,-0.3235,0.3426,-0.2757,-0.5974,0.3318,0.0665,0.6187,0.6644,-0.1042,-0.0425,-0.1011,-0.0499,-0.2193,-0.1782,0.1927,-0.2291,-0.4242,-0.3506,-0.0338,0.435,0.4542,-0.0791,-0.09,-0.1224,-0.0524,-0.3035,-0.3381
P2_Fertility_Vigor,-0.152,-0.3788,0.1587,0.2523,0.3713,-0.4581,-0.0122,-0.361,0.161,-0.5201,0.4622,0.4002,-0.1058,-0.4242,0.1496,0.2658,-0.4777,0.5427,-0.4228,1.0,-0.5303,0.8342,-0.4794,0.7568,0.2514,0.4163,0.5005,0.5172,0.0037,-0.5247,-0.5216,-0.5215,-0.3262,-0.3427,-0.4761,-0.4811,0.4191,0.2974,0.0117,-0.1409,0.0548,0.0132,-0.324,-0.3081,-0.0294,-0.2379,0.4058,0.7039,0.0273,0.2514,0.3899,0.0086,0.0037,-0.3262,-0.2877,0.1091,0.1297,0.0615,0.0553,0.3166,0.3535,0.5338,0.3915,0.5134,0.4275,-0.5249,-0.2709,-0.2736,0.652,0.5503,0.4872,0.5762,0.3954,0.3645,-0.2156,0.3724,0.5,-0.21,-0.0355,-0.5147,-0.5049,0.4147,0.3276,0.4025,0.3684,0.1481,0.1079,-0.2606,0.236,0.422,0.0712,-0.0466,-0.4159,-0.4093,0.1706,0.1878,0.2136,0.1254,0.2044,0.2303
P3_Drought_Vulnerability,0.2462,0.6249,-0.152,-0.1844,0.2052,0.7157,0.4413,0.364,0.2689,0.9024,-0.3939,-0.6886,0.3521,0.7331,0.101,-0.5743,0.8316,-0.4686,0.8171,-0.5303,1.0,-0.5905,0.8734,-0.6032,-0.186,-0.4548,-0.6526,-0.737,0.0079,0.5137,0.5112,0.5112,0.511,0.5582,0.8064,0.8368,-0.0188,-0.0666,-0.0949,-0.048,0.0161,-0.2485,0.1323,0.086,0.1523,0.5525,-0.7991,-0.6159,0.008,-0.186,-0.5584,0.1062,0.0079,0.511,0.5746,-0.0997,-0.0324,-0.0884,-0.0238,-0.1039,-0.1905,-0.6176,-0.5311,-0.7825,-0.4932,0.5139,0.4715,0.4603,-0.1228,-0.0357,-0.2039,-0.0469,-0.2941,-0.347,0.4784,-0.6027,-0.8782,0.4734,0.0216,0.915,0.8692,-0.143,-0.0477,-0.1429,-0.0794,-0.2159,-0.1596,0.4076,-0.5493,-0.7265,-0.2844,0.0383,0.703,0.7037,-0.0352,-0.0424,-0.13,-0.0091,-0.3637,-0.406
P3_Fertility_Vigor,-0.284,-0.415,0.0693,0.1734,0.144,-0.4252,-0.198,-0.3209,0.2631,-0.5566,0.5873,0.5115,-0.0594,-0.4589,0.1921,0.2876,-0.5126,0.4956,-0.4437,0.8342,-0.5905,1.0,-0.5281,0.8604,0.1805,0.3868,0.5326,0.5581,-0.004,-0.4248,-0.4222,-0.4222,-0.3124,-0.319,-0.4875,-0.509,0.2923,0.3024,-0.0225,0.3335,0.3003,0.1356,-0.4395,-0.3485,-0.1238,-0.2964,0.4784,0.7656,0.0679,0.1805,0.4323,-0.009,-0.004,-0.3124,-0.3122,-0.029,0.0158,-0.0388,-0.0853,0.2541,0.2886,0.4996,0.4081,0.5315,0.4517,-0.425,-0.2086,-0.1944,0.3896,0.3451,0.4091,0.3374,0.271,0.2909,-0.1496,0.5053,0.58,-0.1703,-0.0707,-0.5583,-0.501,0.5729,0.4607,0.5237,0.5106,0.1911,0.1566,-0.2409,0.2636,0.4553,0.1104,-0.0487,-0.4437,-0.4426,0.2387,0.2482,0.3056,0.2044,0.2817,0.3069
P4_Drought_Vulnerability,0.1865,0.5031,-0.1322,-0.1365,0.2013,0.6201,0.3444,0.3374,0.2743,0.7755,-0.3239,-0.5833,0.4752,0.891,0.1007,-0.7094,0.7187,-0.4451,0.6962,-0.4794,0.8734,-0.5281,1.0,-0.5527,-0.1316,-0.2833,-0.4637,-0.6004,-0.0123,0.3259,0.3233,0.3232,0.3955,0.414,0.6456,0.867,0.0213,-0.0193,-0.1108,-0.0112,0.0243,-0.2722,0.098,0.0123,-0.22,0.4997,-0.7402,-0.5929,0.0356,-0.1316,-0.4316,0.1681,-0.0123,0.3955,0.4966,-0.089,0.0229,-0.0426,-0.0228,-0.0766,-0.1152,-0.4603,-0.3403,-0.6497,-0.3598,0.3261,0.3124,0.4484,-0.0662,0.0047,-0.1111,-0.0019,-0.2106,-0.2512,0.3744,-0.5056,-0.7541,0.4072,0.0293,0.7685,0.7538,-0.0656,-0.0022,-0.0605,-0.0159,-0.1361,-0.1002,0.5103,-0.6759,-0.8522,-0.1661,0.0225,0.91,0.8812,0.0385,0.0352,-0.0895,0.0695,-0.2626,-0.3071
P4_Fertility_Vigor,-0.2377,-0.5044,0.1575,0.2792,-0.0759,-0.4837,-0.2279,-0.1956,-0.0423,-0.5796,0.3937,0.5289,-0.0534,-0.4986,0.2413,0.328,-0.5907,0.6201,-0.4728,0.7568,-0.6032,0.8604,-0.5527,1.0,0.2665,0.4392,0.5604,0.5873,0.0313,-0.3528,-0.3499,-0.3499,-0.435,-0.4482,-0.5707,-0.5796,0.0728,0.1081,-0.0876,0.1399,0.0792,0.1033,0.0178,0.0066,-0.0777,-0.2779,0.4597,0.8646,-0.083,0.2665,0.4908,-0.1243,0.0313,-0.435,-0.4203,0.0715,0.056,0.0574,-0.0046,0.2617,0.2942,0.3931,0.4079,0.5503,0.3242,-0.353,-0.2834,-0.2827,0.1749,0.1213,0.2246,0.11,0.1304,0.1359,-0.2932,0.4836,0.5804,-0.2974,0.0214,-0.5844,-0.5388,0.2472,0.1788,0.2231,0.1894,0.0356,0.0199,-0.2989,0.2943,0.4797,0.1213,-0.0096,-0.4849,-0.4954,0.2989,0.2871,0.2758,0.2226,0.1875,0.218
Cum_PPT_P1,-0.3334,-0.4916,-0.0924,0.989,-0.1915,-0.364,-0.0389,-0.0501,-0.2046,-0.2037,-0.1544,0.1062,-0.1827,-0.1523,-0.2379,0.0712,-0.5328,0.254,-0.2276,0.2514,-0.186,0.1805,-0.1316,0.2665,1.0,0.7372,0.6278,0.5814,-0.0485,-0.2789,-0.2776,-0.2776,-0.6487,-0.6302,-0.4543,-0.2936,-0.0226,-0.0414,-0.4176,-0.1876,-0.1804,-0.4766,0.1055,0.093,0.0626,-0.0833,0.1257,0.2784,-0.1841,1.0,0.681,0.013,-0.0485,-0.6487,-0.1879,0.1141,-0.1147,0.1666,0.0081,0.0984,0.1501,0.1374,0.2413,0.4361,-0.0144,-0.2789,-0.2571,-0.1972,0.0583,-0.085,0.1085,-0.0308,0.109,0.0322,-0.0963,0.076,0.1591,-0.0059,-0.0826,-0.1868,-0.2165,-0.1015,-0.2195,-0.0463,-0.1415,0.0124,0.036,0.2797,0.125,0.1519,0.306,-0.0723,-0.0848,-0.1505,-0.0316,-0.0911,0.0433,-0.1479,0.0949,0.0969
Cum_PPT_P2,-0.2837,-0.5235,0.0523,0.7078,-0.2279,-0.7117,-0.3443,-0.0417,-0.2069,-0.4797,0.0478,0.2531,-0.1642,-0.2463,-0.1833,0.0616,-0.5879,0.3817,-0.578,0.4163,-0.4548,0.3868,-0.2833,0.4392,0.7372,1.0,0.8939,0.801,-0.0231,-0.6078,-0.6054,-0.6054,-0.5376,-0.6309,-0.5988,-0.4102,0.0108,0.0515,-0.0381,-0.0986,-0.1824,-0.4838,-0.0167,-0.0427,-0.2415,-0.257,0.3389,0.4446,0.0683,0.7372,0.6322,0.0261,-0.0231,-0.5376,-0.3022,0.142,0.0024,0.1785,0.0461,0.1848,0.2593,0.5113,0.7969,0.7598,0.3853,-0.6079,-0.6545,-0.4707,0.1277,-0.0031,0.2481,0.0328,0.2853,0.2596,-0.1608,0.2167,0.442,-0.1375,-0.0921,-0.4416,-0.4686,0.025,-0.1031,0.0634,-0.0319,0.1354,0.1095,0.1225,0.0766,0.2352,0.3985,-0.0264,-0.1681,-0.2469,0.0199,-0.0019,0.0613,-0.0762,0.1837,0.1985
Cum_PPT_P3,-0.3424,-0.7001,0.0678,0.6041,-0.2264,-0.7274,-0.4228,-0.1592,-0.2236,-0.6837,0.1461,0.6135,-0.2666,-0.4538,-0.1527,0.2736,-0.7155,0.4574,-0.594,0.5005,-0.6526,0.5326,-0.4637,0.5604,0.6278,0.8939,1.0,0.9582,-0.0413,-0.595,-0.593,-0.593,-0.6378,-0.6921,-0.7569,-0.6154,0.0171,0.0851,-0.1333,0.0039,-0.101,-0.1394,-0.1014,-0.1072,-0.265,-0.3311,0.4337,0.5672,0.0642,0.6278,0.7505,0.0353,-0.0413,-0.6378,-0.4964,0.1311,0.0155,0.1674,0.033,0.2134,0.3036,0.5804,0.7452,0.8116,0.4628,-0.5951,-0.552,-0.4369,0.1326,0.0036,0.2793,0.0455,0.2925,0.2987,-0.2102,0.5988,0.6875,-0.1902,-0.1281,-0.6703,-0.63,0.1141,-0.0279,0.1441,0.0491,0.2144,0.1644,-0.0073,0.2873,0.4591,0.3712,-0.0476,-0.3629,-0.4299,0.031,0.0098,0.1028,-0.0576,0.3134,0.332
Cum_PPT_P4,-0.3419,-0.7715,0.1132,0.5688,-0.2411,-0.7161,-0.4336,-0.2276,-0.2684,-0.7682,0.194,0.6883,-0.3779,-0.6214,-0.1694,0.509,-0.7807,0.4999,-0.5901,0.5172,-0.737,0.5581,-0.6004,0.5873,0.5814,0.801,0.9582,1.0,-0.0234,-0.5575,-0.5554,-0.5554,-0.6965,-0.7226,-0.8252,-0.7446,-0.0113,0.0511,-0.1802,0.0059,-0.0879,0.0089,-0.1046,-0.0915,-0.1193,-0.3595,0.4809,0.6075,0.0047,0.5814,0.7906,-0.0409,-0.0234,-0.6965,-0.5862,0.1556,0.0268,0.1909,0.0518,0.2077,0.3064,0.5844,0.6621,0.8238,0.4693,-0.5576,-0.4778,-0.4162,0.1153,-0.0121,0.2552,0.0272,0.2768,0.2909,-0.29,0.6533,0.7745,-0.2855,-0.1173,-0.7674,-0.7123,0.101,-0.0398,0.1318,0.0344,0.1965,0.1355,-0.1226,0.5245,0.642,0.3522,-0.0421,-0.5229,-0.5747,0.0048,-0.0169,0.1078,-0.0797,0.3261,0.3543
Cum_FDD_P1,0.0619,-0.0146,0.1244,-0.0051,-0.0633,0.0161,0.006,0.1244,-0.0841,0.0051,0.0253,0.0265,-0.0664,-0.0082,-0.0205,0.0645,0.0047,0.0935,-0.0311,0.0037,0.0079,-0.004,-0.0123,0.0313,-0.0485,-0.0231,-0.0413,-0.0234,1.0,0.1315,0.1378,0.1379,-0.0145,-0.0202,-0.0102,-0.0146,-0.11,-0.11,-0.0537,-0.0637,-0.076,0.0168,0.0308,-0.0076,0.0543,0.0564,-0.0167,0.0851,-0.1238,-0.0485,-0.0021,-0.1731,1.0,-0.0145,-0.0325,0.0741,0.041,0.1065,0.0766,-0.0334,-0.0397,-0.1153,0.0242,-0.0318,-0.0451,0.1304,-0.0567,-0.0002,-0.0819,-0.0697,-0.0398,-0.082,-0.1275,-0.1365,-0.1291,-0.0469,-0.0248,-0.1572,0.2542,-0.0014,-0.0205,-0.1131,-0.1073,-0.0899,-0.1097,-0.19,-0.1974,-0.1321,0.0345,-0.0055,-0.0601,0.6396,-0.0252,-0.0243,-0.0876,-0.0822,-0.1004,-0.0881,-0.1769,-0.1703
Cum_FDD_P2,0.1916,0.2665,-0.0083,-0.2358,-0.1355,0.588,0.4193,0.6064,-0.0503,0.5228,-0.2727,-0.1965,0.018,0.2284,0.0987,-0.1055,0.3838,-0.2269,0.5253,-0.5247,0.5137,-0.4248,0.3259,-0.3528,-0.2789,-0.6078,-0.595,-0.5575,0.1315,1.0,0.9998,0.9998,0.2135,0.298,0.4329,0.3212,-0.3115,-0.2473,-0.2562,0.0456,-0.0239,0.2335,0.221,0.2682,0.2502,0.3522,-0.4195,-0.2995,-0.2639,-0.2789,-0.3091,-0.2458,0.1315,0.2135,0.158,-0.0306,-0.0654,-0.0474,0.0152,-0.1475,-0.2348,-0.9138,-0.6386,-0.6232,-0.6882,1.0,0.4793,0.3783,-0.4352,-0.2947,-0.4062,-0.3705,-0.737,-0.7225,0.1126,-0.2028,-0.4798,0.0787,0.2602,0.4852,0.517,-0.2934,-0.2055,-0.3194,-0.2524,-0.4313,-0.357,0.0205,-0.1116,-0.2522,-0.4124,0.1461,0.1936,0.1934,-0.1538,-0.1791,-0.158,-0.1253,-0.3425,-0.3646
Cum_FDD_P3,0.1923,0.2636,-0.0051,-0.234,-0.1363,0.5855,0.4177,0.6066,-0.0529,0.5197,-0.2707,-0.1946,0.0152,0.2254,0.0992,-0.1031,0.3809,-0.2234,0.5235,-0.5216,0.5112,-0.4222,0.3233,-0.3499,-0.2776,-0.6054,-0.593,-0.5554,0.1378,0.9998,1.0,1.0,0.2102,0.2947,0.4293,0.3177,-0.3132,-0.2497,-0.2576,0.0433,-0.0261,0.2336,0.2208,0.2678,0.2513,0.3528,-0.4191,-0.2959,-0.2672,-0.2776,-0.3067,-0.2489,0.1378,0.2102,0.1546,-0.0279,-0.0632,-0.0446,0.0173,-0.1445,-0.232,-0.9121,-0.6363,-0.6206,-0.6862,0.9997,0.4768,0.3764,-0.4346,-0.2943,-0.4061,-0.3704,-0.7366,-0.7222,0.1084,-0.2025,-0.4773,0.0745,0.2673,0.4819,0.5136,-0.2948,-0.2072,-0.321,-0.2543,-0.4344,-0.3608,0.0165,-0.1101,-0.2497,-0.4154,0.1498,0.1905,0.1901,-0.1557,-0.181,-0.1602,-0.1276,-0.3458,-0.3676
Cum_FDD_P4,0.1923,0.2635,-0.0051,-0.234,-0.1363,0.5855,0.4177,0.6066,-0.0529,0.5197,-0.2707,-0.1946,0.0152,0.2253,0.0992,-0.1031,0.3809,-0.2234,0.5235,-0.5215,0.5112,-0.4222,0.3232,-0.3499,-0.2776,-0.6054,-0.593,-0.5554,0.1379,0.9998,1.0,1.0,0.2102,0.2946,0.4293,0.3177,-0.3132,-0.2497,-0.2576,0.0433,-0.0261,0.2336,0.2208,0.2678,0.2513,0.3528,-0.4191,-0.2959,-0.2672,-0.2776,-0.3067,-0.2489,0.1379,0.2102,0.1546,-0.0279,-0.0632,-0.0446,0.0173,-0.1445,-0.232,-0.9121,-0.6363,-0.6205,-0.6862,0.9997,0.4768,0.3764,-0.4346,-0.2943,-0.4061,-0.3704,-0.7366,-0.7222,0.1084,-0.2025,-0.4773,0.0745,0.2673,0.4819,0.5136,-0.2948,-0.2072,-0.321,-0.2543,-0.4344,-0.3609,0.0165,-0.11,-0.2497,-0.4154,0.15,0.1905,0.1901,-0.1557,-0.181,-0.1602,-0.1276,-0.3458,-0.3677
Cum_VPD_P1,0.2858,0.8953,-0.2063,-0.7023,0.3246,0.4807,0.1136,0.0159,0.4367,0.5701,-0.0681,-0.5264,0.3991,0.4903,0.2291,-0.4784,0.8185,-0.4821,0.3254,-0.3262,0.511,-0.3124,0.3955,-0.435,-0.6487,-0.5376,-0.6378,-0.6965,-0.0145,0.2135,0.2102,0.2102,1.0,0.9666,0.8713,0.7002,0.2031,0.1967,0.5558,0.1568,0.2274,-0.0259,-0.117,-0.1346,0.0027,0.1135,-0.1996,-0.4996,0.5221,-0.6487,-0.8571,0.3496,-0.0145,1.0,0.7468,-0.2637,-0.0462,-0.339,-0.1352,-0.2376,-0.3212,-0.1501,-0.2631,-0.546,0.0094,0.2137,0.3299,0.2917,0.0534,0.1712,-0.0427,0.1426,0.0601,0.0926,0.5818,-0.3962,-0.534,0.5145,-0.0651,0.6165,0.5569,0.1688,0.2933,0.135,0.2404,0.1952,0.2435,0.1893,-0.4864,-0.4895,-0.1986,0.0598,0.4036,0.4623,0.1127,0.166,0.0119,0.2003,-0.0156,-0.0441
Cum_VPD_P2,0.2624,0.8639,-0.2225,-0.6784,0.3394,0.6239,0.1265,-0.0418,0.4469,0.6172,-0.1123,-0.5049,0.3561,0.472,0.2205,-0.4223,0.8276,-0.4857,0.4713,-0.3427,0.5582,-0.319,0.414,-0.4482,-0.6302,-0.6309,-0.6921,-0.7226,-0.0202,0.298,0.2947,0.2946,0.9666,1.0,0.9086,0.7091,0.1905,0.1733,0.4124,0.1708,0.2663,0.0706,-0.1321,-0.1443,0.0891,0.1523,-0.2502,-0.5053,0.4802,-0.6302,-0.8186,0.3369,-0.0202,0.9666,0.7326,-0.265,-0.0586,-0.3313,-0.141,-0.2352,-0.3155,-0.2004,-0.4115,-0.6379,-0.0149,0.2982,0.5404,0.4487,0.0341,0.1544,-0.0735,0.129,0.0334,0.0569,0.6313,-0.3592,-0.5589,0.5603,-0.0693,0.6495,0.6189,0.1648,0.2815,0.1379,0.2405,0.1829,0.2338,0.2107,-0.4196,-0.4559,-0.2418,0.0459,0.3993,0.4593,0.0849,0.1281,0.0054,0.1655,-0.0245,-0.0565
Cum_VPD_P3,0.2683,0.8671,-0.2427,-0.4886,0.3139,0.7382,0.3114,0.1723,0.4282,0.8683,-0.2828,-0.7056,0.418,0.6805,0.1673,-0.5827,0.8702,-0.5462,0.6017,-0.4761,0.8064,-0.4875,0.6456,-0.5707,-0.4543,-0.5988,-0.7569,-0.8252,-0.0102,0.4329,0.4293,0.4293,0.8713,0.9086,1.0,0.886,0.1203,0.0923,0.214,0.0879,0.1727,-0.1349,-0.007,-0.0319,0.1423,0.2933,-0.43,-0.6226,0.3203,-0.4543,-0.7871,0.2935,-0.0102,0.8713,0.7782,-0.2304,-0.0722,-0.2703,-0.1183,-0.2384,-0.3305,-0.4382,-0.5141,-0.7895,-0.2723,0.4331,0.555,0.4909,-0.0364,0.0753,-0.1358,0.0573,-0.1128,-0.1255,0.6711,-0.5605,-0.8204,0.6302,-0.0586,0.903,0.8501,0.0367,0.1561,0.0214,0.1147,0.0334,0.0941,0.3965,-0.5613,-0.6666,-0.2379,0.0437,0.6174,0.6565,0.0517,0.0721,-0.0421,0.109,-0.1807,-0.2217
Cum_VPD_P4,0.2273,0.7472,-0.207,-0.3248,0.295,0.6976,0.3174,0.2577,0.416,0.8821,-0.2982,-0.727,0.5367,0.9116,0.1354,-0.764,0.7839,-0.5297,0.562,-0.4811,0.8368,-0.509,0.867,-0.5796,-0.2936,-0.4102,-0.6154,-0.7446,-0.0146,0.3212,0.3177,0.3177,0.7002,0.7091,0.886,1.0,0.1095,0.0736,0.0819,0.061,0.1224,-0.2851,0.0228,-0.0436,-0.1201,0.3351,-0.4858,-0.6455,0.2532,-0.2936,-0.638,0.2862,-0.0146,0.7002,0.7277,-0.1781,-0.0175,-0.173,-0.0841,-0.1594,-0.2169,-0.4129,-0.3837,-0.7281,-0.2764,0.3214,0.4017,0.4941,-0.0159,0.0764,-0.0886,0.0622,-0.113,-0.1363,0.5876,-0.5994,-0.8452,0.5812,-0.0598,0.9064,0.8601,0.03,0.1258,0.0247,0.0938,0.002,0.0466,0.5664,-0.7271,-0.8682,-0.1403,0.0376,0.898,0.9019,0.0843,0.0974,-0.047,0.1339,-0.1961,-0.2412
Delta_NDVI_P2,-0.4571,0.1676,-0.4855,-0.0553,0.7472,-0.0348,0.3119,-0.3286,0.6629,0.0027,0.4495,-0.0747,0.4081,0.0913,0.3238,-0.1394,0.0989,-0.4684,-0.0414,0.4191,-0.0188,0.2923,0.0213,0.0728,-0.0226,0.0108,0.0171,-0.0113,-0.11,-0.3115,-0.3132,-0.3132,0.2031,0.1905,0.1203,0.1095,1.0,0.822,0.2128,0.0591,0.295,-0.0889,-0.3903,-0.381,-0.0945,-0.1492,0.0939,-0.1493,0.2278,-0.0226,-0.1077,0.3682,-0.11,0.2031,0.2123,-0.611,-0.3866,-0.5278,-0.559,-0.1289,-0.1136,0.292,0.0289,0.0294,0.2067,-0.3114,0.0223,-0.0132,0.7942,0.7484,0.6496,0.8018,0.4837,0.4803,0.2222,-0.0021,0.0058,0.2892,-0.2081,0.0273,0.0103,0.6933,0.6614,0.7017,0.7067,0.4363,0.4298,0.141,-0.1205,-0.0605,0.125,-0.1007,0.0786,0.1104,0.4703,0.4859,0.4779,0.4849,0.3531,0.3413
Delta_NDWI_P2,-0.4581,0.1268,-0.4912,-0.0759,0.5779,-0.075,0.2082,-0.2293,0.5875,-0.0225,0.3731,-0.0121,0.3526,0.0579,0.2592,-0.1398,0.0579,-0.4052,-0.1076,0.2974,-0.0666,0.3024,-0.0193,0.1081,-0.0414,0.0515,0.0851,0.0511,-0.11,-0.2473,-0.2497,-0.2497,0.1967,0.1733,0.0923,0.0736,0.822,1.0,0.2096,0.1628,0.1297,-0.0675,-0.3624,-0.3716,-0.1412,-0.1808,0.158,-0.0929,0.2427,-0.0414,-0.0603,0.372,-0.11,0.1967,0.1908,-0.5807,-0.4038,-0.6511,-0.5425,-0.1668,-0.1588,0.2501,0.1046,0.0789,0.1876,-0.2472,-0.0159,-0.0353,0.6027,0.6007,0.7485,0.6344,0.4121,0.4341,0.2809,0.0819,0.0532,0.3393,-0.2607,-0.001,0.0024,0.6392,0.5938,0.6576,0.6502,0.4608,0.4678,0.1765,-0.115,-0.0253,0.1969,-0.0993,0.0534,0.0741,0.4355,0.4464,0.4396,0.4397,0.4063,0.3961
Delta_SM_P2,0.1952,0.5068,-0.06,-0.4615,0.1027,-0.2855,-0.1228,-0.1571,0.1421,-0.1106,0.2125,-0.1542,0.1917,0.0037,0.175,-0.1501,0.3044,-0.1754,-0.2682,0.0117,-0.0949,-0.0225,-0.1108,-0.0876,-0.4176,-0.0381,-0.1333,-0.1802,-0.0537,-0.2562,-0.2576,-0.2576,0.5558,0.4124,0.214,0.0819,0.2128,0.2096,1.0,0.0429,0.0928,-0.1814,-0.0842,-0.0952,-0.1796,-0.1935,0.1547,-0.1429,0.4236,-0.4176,-0.5672,0.2678,-0.0537,0.5558,0.329,-0.1439,0.0169,-0.2285,-0.0681,-0.152,-0.1886,0.303,0.2915,0.1637,0.2765,-0.2561,-0.3266,-0.3122,0.1608,0.1898,0.0898,0.178,0.3089,0.3472,0.0358,-0.1431,0.0627,0.0492,-0.0477,-0.0335,-0.1461,0.1649,0.2477,0.1373,0.1893,0.2725,0.2991,-0.1995,-0.2,-0.0643,-0.0312,-0.0061,-0.0795,-0.042,0.1383,0.2003,0.0793,0.2143,0.1704,0.17
Delta_NDVI_P3,-0.2477,0.051,-0.2144,-0.2163,-0.1073,0.096,-0.1961,-0.0826,0.4833,-0.0064,0.3911,0.1226,0.2827,0.0316,0.2414,-0.0478,0.0481,-0.2102,0.004,-0.1409,-0.048,0.3335,-0.0112,0.1399,-0.1876,-0.0986,0.0039,0.0059,-0.0637,0.0456,0.0433,0.0433,0.1568,0.1708,0.0879,0.061,0.0591,0.1628,0.0429,1.0,0.7099,0.1921,-0.3571,-0.2071,-0.2107,-0.1168,0.1076,-0.0149,0.2007,-0.1876,-0.0392,0.1131,-0.0637,0.1568,0.0584,-0.3348,-0.1968,-0.2645,-0.3153,-0.1104,-0.1043,0.0507,0.0034,-0.0234,0.1269,0.0457,0.1502,0.1548,-0.172,-0.0798,-0.0136,-0.1198,-0.0156,0.0557,0.2147,0.192,0.0867,0.1816,-0.1227,-0.0104,0.0653,0.5575,0.5172,0.4719,0.5368,0.2295,0.2243,0.0972,-0.032,-0.021,0.0638,-0.0498,0.0373,0.0419,0.3029,0.304,0.3321,0.341,0.2333,0.225
Delta_NDWI_P3,-0.1775,0.1454,-0.1935,-0.2073,0.1742,0.1735,-0.0377,-0.2564,0.5926,0.0333,0.4405,0.0434,0.3386,0.0646,0.3377,-0.0568,0.127,-0.2373,0.0976,0.0548,0.0161,0.3003,0.0243,0.0792,-0.1804,-0.1824,-0.101,-0.0879,-0.076,-0.0239,-0.0261,-0.0261,0.2274,0.2663,0.1727,0.1224,0.295,0.1297,0.0928,0.7099,1.0,0.1689,-0.3959,-0.369,-0.1556,-0.0823,0.0567,-0.0927,0.2229,-0.1804,-0.1141,0.1786,-0.076,0.2274,0.1546,-0.3001,-0.1329,-0.2655,-0.2616,-0.0524,-0.0417,0.115,-0.1222,-0.0762,0.1783,-0.0239,0.2572,0.2406,0.1435,0.1819,-0.0689,0.1649,0.1541,0.1912,0.2248,0.1142,0.0387,0.209,-0.1105,0.0451,0.09,0.6202,0.6232,0.632,0.634,0.2899,0.2802,0.0752,-0.0438,-0.0449,-0.0547,-0.0736,0.0592,0.0813,0.3412,0.3567,0.3828,0.3964,0.2606,0.2483
Delta_SM_P3,0.0427,-0.1585,0.1587,-0.4373,0.0244,0.2153,-0.0475,-0.1602,-0.0733,-0.2666,0.2158,0.5736,-0.2049,-0.3612,0.0615,0.4575,-0.0505,0.0748,0.1617,0.0132,-0.2485,0.1356,-0.2722,0.1033,-0.4766,-0.4838,-0.1394,0.0089,0.0168,0.2335,0.2336,0.2336,-0.0259,0.0706,-0.1349,-0.2851,-0.0889,-0.0675,-0.1814,0.1921,0.1689,1.0,-0.0944,-0.0614,0.0075,-0.0087,0.0365,0.1329,-0.1777,-0.4766,-0.0255,-0.2216,0.0168,-0.0259,-0.3239,-0.0185,0.0837,-0.0197,-0.0009,-0.0021,-0.0209,-0.0474,-0.3309,-0.1851,0.0069,0.2335,0.3733,0.1827,-0.1131,-0.0485,-0.1146,-0.0642,-0.1939,-0.1249,-0.2133,0.5662,0.372,-0.265,0.1648,-0.3424,-0.1769,0.0572,0.0781,0.0271,0.0608,-0.1113,-0.1692,-0.3982,0.4352,0.3988,-0.1221,-0.0118,-0.3569,-0.3022,-0.0434,-0.0138,-0.0311,0.0046,-0.0074,0.0111
Delta_NDVI_P4,0.1538,-0.0275,0.1108,0.137,-0.3444,-0.0031,0.0688,0.2849,-0.514,0.1135,-0.3763,-0.1259,0.1507,0.0572,0.1522,-0.0114,0.0054,0.0256,0.0574,-0.324,0.1323,-0.4395,0.098,0.0178,0.1055,-0.0167,-0.1014,-0.1046,0.0308,0.221,0.2208,0.2208,-0.117,-0.1321,-0.007,0.0228,-0.3903,-0.3624,-0.0842,-0.3571,-0.3959,-0.0944,1.0,0.7645,0.1206,0.0872,-0.1557,-0.0972,-0.2644,0.1055,-0.0237,-0.1592,0.0308,-0.117,-0.0855,0.1661,0.0668,0.1616,0.1519,-0.077,-0.0905,-0.3105,-0.1169,-0.1029,-0.3576,0.221,-0.0902,-0.1232,-0.3875,-0.3937,-0.3627,-0.3997,-0.272,-0.2988,-0.1957,-0.184,-0.1542,-0.1472,0.1382,0.1053,0.0764,-0.6249,-0.5065,-0.5797,-0.6049,-0.2699,-0.2294,-0.0125,-0.0159,-0.0763,0.0144,0.0348,0.051,0.0373,0.2038,0.1552,-0.0189,0.1297,-0.188,-0.1837
Delta_NDWI_P4,0.1143,-0.041,0.0678,0.1198,-0.3686,-0.0274,0.0761,0.3018,-0.4608,0.0802,-0.3019,-0.0935,0.0393,-0.027,0.0538,0.0462,-0.034,0.0191,0.0313,-0.3081,0.086,-0.3485,0.0123,0.0066,0.093,-0.0427,-0.1072,-0.0915,-0.0076,0.2682,0.2678,0.2678,-0.1346,-0.1443,-0.0319,-0.0436,-0.381,-0.3716,-0.0952,-0.2071,-0.369,-0.0614,0.7645,1.0,0.174,0.0427,-0.1069,-0.0712,-0.2573,0.093,-0.0101,-0.1842,-0.0076,-0.1346,-0.0985,0.1258,0.0033,0.1309,0.1065,-0.0999,-0.1157,-0.3329,-0.1367,-0.0888,-0.383,0.2683,-0.0745,-0.1587,-0.3984,-0.4093,-0.3947,-0.416,-0.32,-0.3316,-0.1951,-0.1608,-0.1254,-0.1583,0.1147,0.0723,0.0416,-0.5237,-0.4485,-0.5953,-0.5345,-0.2588,-0.2097,-0.0407,0.0433,-0.0115,0.0132,0.0061,-0.0389,-0.056,0.0862,0.0385,0.1701,0.0288,-0.163,-0.1553
Delta_SM_P4,0.087,0.0667,0.0186,0.076,0.0386,0.1761,0.1742,-0.0148,-0.0885,0.1841,-0.1804,-0.1848,-0.3648,-0.3473,-0.1184,0.4478,0.064,0.0481,0.2132,-0.0294,0.1523,-0.1238,-0.22,-0.0777,0.0626,-0.2415,-0.265,-0.1193,0.0543,0.2502,0.2513,0.2513,0.0027,0.0891,0.1423,-0.1201,-0.0945,-0.1412,-0.1796,-0.2107,-0.1556,0.0075,0.1206,0.174,1.0,0.1232,-0.0972,-0.0041,-0.1093,0.0626,-0.0757,-0.1403,0.0543,0.0027,0.034,0.087,-0.0358,0.0664,0.0696,0.0327,-0.0192,-0.2237,-0.3752,-0.2213,-0.217,0.2502,0.2929,0.0369,-0.05,-0.0749,-0.1114,-0.0513,-0.1154,-0.1689,0.0934,-0.1901,-0.2435,0.042,-0.0488,0.1691,0.1128,-0.2227,-0.1932,-0.2216,-0.2185,-0.2237,-0.227,-0.1404,0.4565,0.37,-0.1256,0.0429,-0.3599,-0.3164,-0.1806,-0.2174,-0.123,-0.2343,-0.2914,-0.2824
Sand,0.1691,0.2127,0.0585,-0.0608,0.0228,0.3893,0.2438,0.2682,-0.0112,0.4162,-0.2469,-0.2421,0.0155,0.3202,0.0113,-0.2129,0.4351,-0.0925,0.5615,-0.2379,0.5525,-0.2964,0.4997,-0.2779,-0.0833,-0.257,-0.3311,-0.3595,0.0564,0.3522,0.3528,0.3528,0.1135,0.1523,0.2933,0.3351,-0.1492,-0.1808,-0.1935,-0.1168,-0.0823,-0.0087,0.0872,0.0427,0.1232,1.0,0.0,0.0,0.0,0.0,0.0,0.0,0.0,0.0,0.0,0.0,0.0,0.0,0.0,0.0,0.0,0.0,0.0,0.0,0.0,0.0,0.0,0.0,0.0,0.0,0.0,0.0,0.0,0.0,0.0,0.0,0.0,0.0,0.0,0.0,0.0,0.0,0.0,0.0,0.0,0.0,0.0,0.0,0.0,0.0,0.0,0.0,0.0,0.0,0.0,0.0,0.0,0.0,0.0,0.0
Clay,-0.208,-0.3181,0.0058,0.0951,-0.0977,-0.4964,-0.3744,-0.2992,-0.0658,-0.5521,0.26,0.3448,-0.1702,-0.4547,-0.0926,0.2979,-0.6863,0.3024,-0.8452,0.4058,-0.7991,0.4784,-0.7402,0.4597,0.1257,0.3389,0.4337,0.4809,-0.0167,-0.4195,-0.4191,-0.4191,-0.1996,-0.2502,-0.43,-0.4858,0.0939,0.158,0.1547,0.1076,0.0567,0.0365,-0.1557,-0.1069,-0.0972,0.0,1.0,0.0,0.0,0.0,0.0,0.0,0.0,0.0,0.0,0.0,0.0,0.0,0.0,0.0,0.0,0.0,0.0,0.0,0.0,0.0,0.0,0.0,0.0,0.0,0.0,0.0,0.0,0.0,0.0,0.0,0.0,0.0,0.0,0.0,0.0,0.0,0.0,0.0,0.0,0.0,0.0,0.0,0.0,0.0,0.0,0.0,0.0,0.0,0.0,0.0,0.0,0.0,0.0,0.0
SOC,-0.184,-0.5506,0.2387,0.3028,-0.2787,-0.483,-0.3494,-0.1297,-0.3075,-0.6061,0.1752,0.5713,-0.4261,-0.5631,-0.1185,0.3969,-0.6231,0.7735,-0.4615,0.7039,-0.6159,0.7656,-0.5929,0.8646,0.2784,0.4446,0.5672,0.6075,0.0851,-0.2995,-0.2959,-0.2959,-0.4996,-0.5053,-0.6226,-0.6455,-0.1493,-0.0929,-0.1429,-0.0149,-0.0927,0.1329,-0.0972,-0.0712,-0.0041,0.0,0.0,1.0,0.0,0.0,0.0,0.0,0.0,0.0,0.0,0.0,0.0,0.0,0.0,0.0,0.0,0.0,0.0,0.0,0.0,0.0,0.0,0.0,0.0,0.0,0.0,0.0,0.0,0.0,0.0,0.0,0.0,0.0,0.0,0.0,0.0,0.0,0.0,0.0,0.0,0.0,0.0,0.0,0.0,0.0,0.0,0.0,0.0,0.0,0.0,0.0,0.0,0.0,0.0,0.0
P1_Tmean,0.0506,0.3321,-0.1663,-0.3012,0.1978,0.0104,-0.3935,-0.2954,0.3434,0.0974,-0.0045,-0.1461,0.2035,0.1481,0.0896,-0.2367,0.2785,-0.1547,-0.0884,0.0273,0.008,0.0679,0.0356,-0.083,-0.1841,0.0683,0.0642,0.0047,-0.1238,-0.2639,-0.2672,-0.2672,0.5221,0.4802,0.3203,0.2532,0.2278,0.2427,0.4236,0.2007,0.2229,-0.1777,-0.2644,-0.2573,-0.1093,0.0,0.0,0.0,1.0,0.0,0.0,0.0,0.0,0.0,0.0,0.0,0.0,0.0,0.0,0.0,0.0,0.0,0.0,0.0,0.0,0.0,0.0,0.0,0.0,0.0,0.0,0.0,0.0,0.0,0.0,0.0,0.0,0.0,0.0,0.0,0.0,0.0,0.0,0.0,0.0,0.0,0.0,0.0,0.0,0.0,0.0,0.0,0.0,0.0,0.0,0.0,0.0,0.0,0.0,0.0
P1_PPT,-0.3334,-0.4916,-0.0924,0.989,-0.1915,-0.364,-0.0389,-0.0501,-0.2046,-0.2037,-0.1544,0.1062,-0.1827,-0.1523,-0.2379,0.0712,-0.5328,0.254,-0.2276,0.2514,-0.186,0.1805,-0.1316,0.2665,1.0,0.7372,0.6278,0.5814,-0.0485,-0.2789,-0.2776,-0.2776,-0.6487,-0.6302,-0.4543,-0.2936,-0.0226,-0.0414,-0.4176,-0.1876,-0.1804,-0.4766,0.1055,0.093,0.0626,0.0,0.0,0.0,0.0,1.0,0.0,0.0,0.0,0.0,0.0,0.0,0.0,0.0,0.0,0.0,0.0,0.0,0.0,0.0,0.0,0.0,0.0,0.0,0.0,0.0,0.0,0.0,0.0,0.0,0.0,0.0,0.0,0.0,0.0,0.0,0.0,0.0,0.0,0.0,0.0,0.0,0.0,0.0,0.0,0.0,0.0,0.0,0.0,0.0,0.0,0.0,0.0,0.0,0.0,0.0
P1_SM,-0.4224,-0.9112,0.1269,0.6989,-0.308,-0.4931,-0.2663,-0.1253,-0.3265,-0.5942,0.0813,0.5312,-0.3789,-0.4924,-0.2263,0.3939,-0.8066,0.4566,-0.3913,0.3899,-0.5584,0.4323,-0.4316,0.4908,0.681,0.6322,0.7505,0.7906,-0.0021,-0.3091,-0.3067,-0.3067,-0.8571,-0.8186,-0.7871,-0.638,-0.1077,-0.0603,-0.5672,-0.0392,-0.1141,-0.0255,-0.0237,-0.0101,-0.0757,0.0,0.0,0.0,0.0,0.0,1.0,0.0,0.0,0.0,0.0,0.0,0.0,0.0,0.0,0.0,0.0,0.0,0.0,0.0,0.0,0.0,0.0,0.0,0.0,0.0,0.0,0.0,0.0,0.0,0.0,0.0,0.0,0.0,0.0,0.0,0.0,0.0,0.0,0.0,0.0,0.0,0.0,0.0,0.0,0.0,0.0,0.0,0.0,0.0,0.0,0.0,0.0,0.0,0.0,0.0
P1_GDD,-0.0441,0.298,-0.4714,-0.0564,0.3386,0.0676,-0.0032,-0.2689,0.4073,0.1931,-0.1506,-0.163,0.3474,0.3082,0.1734,-0.3072,0.2227,-0.311,0.0209,0.0086,0.1062,-0.009,0.1681,-0.1243,0.013,0.0261,0.0353,-0.0409,-0.1731,-0.2458,-0.2489,-0.2489,0.3496,0.3369,0.2935,0.2862,0.3682,0.372,0.2678,0.1131,0.1786,-0.2216,-0.1592,-0.1842,-0.1403,0.0,0.0,0.0,0.0,0.0,0.0,1.0,0.0,0.0,0.0,0.0,0.0,0.0,0.0,0.0,0.0,0.0,0.0,0.0,0.0,0.0,0.0,0.0,0.0,0.0,0.0,0.0,0.0,0.0,0.0,0.0,0.0,0.0,0.0,0.0,0.0,0.0,0.0,0.0,0.0,0.0,0.0,0.0,0.0,0.0,0.0,0.0,0.0,0.0,0.0,0.0,0.0,0.0,0.0,0.0
P1_FDD,0.0619,-0.0146,0.1244,-0.0051,-0.0633,0.0161,0.006,0.1244,-0.0841,0.0051,0.0253,0.0265,-0.0664,-0.0082,-0.0205,0.0645,0.0047,0.0935,-0.0311,0.0037,0.0079,-0.004,-0.0123,0.0313,-0.0485,-0.0231,-0.0413,-0.0234,1.0,0.1315,0.1378,0.1379,-0.0145,-0.0202,-0.0102,-0.0146,-0.11,-0.11,-0.0537,-0.0637,-0.076,0.0168,0.0308,-0.0076,0.0543,0.0,0.0,0.0,0.0,0.0,0.0,0.0,1.0,0.0,0.0,0.0,0.0,0.0,0.0,0.0,0.0,0.0,0.0,0.0,0.0,0.0,0.0,0.0,0.0,0.0,0.0,0.0,0.0,0.0,0.0,0.0,0.0,0.0,0.0,0.0,0.0,0.0,0.0,0.0,0.0,0.0,0.0,0.0,0.0,0.0,0.0,0.0,0.0,0.0,0.0,0.0,0.0,0.0,0.0,0.0
P1_VPD,0.2858,0.8953,-0.2063,-0.7023,0.3246,0.4807,0.1136,0.0159,0.4367,0.5701,-0.0681,-0.5264,0.3991,0.4903,0.2291,-0.4784,0.8185,-0.4821,0.3254,-0.3262,0.511,-0.3124,0.3955,-0.435,-0.6487,-0.5376,-0.6378,-0.6965,-0.0145,0.2135,0.2102,0.2102,1.0,0.9666,0.8713,0.7002,0.2031,0.1967,0.5558,0.1568,0.2274,-0.0259,-0.117,-0.1346,0.0027,0.0,0.0,0.0,0.0,0.0,0.0,0.0,0.0,1.0,0.0,0.0,0.0,0.0,0.0,0.0,0.0,0.0,0.0,0.0,0.0,0.0,0.0,0.0,0.0,0.0,0.0,0.0,0.0,0.0,0.0,0.0,0.0,0.0,0.0,0.0,0.0,0.0,0.0,0.0,0.0,0.0,0.0,0.0,0.0,0.0,0.0,0.0,0.0,0.0,0.0,0.0,0.0,0.0,0.0,0.0
P1_VPD_max,0.138,0.8747,-0.3339,-0.2414,0.2711,0.4884,0.1853,-0.0003,0.4028,0.6337,-0.1973,-0.6377,0.3852,0.5676,0.053,-0.5561,0.6758,-0.4538,0.3326,-0.2877,0.5746,-0.3122,0.4966,-0.4203,-0.1879,-0.3022,-0.4964,-0.5862,-0.0325,0.158,0.1546,0.1546,0.7468,0.7326,0.7782,0.7277,0.2123,0.1908,0.329,0.0584,0.1546,-0.3239,-0.0855,-0.0985,0.034,0.0,0.0,0.0,0.0,0.0,0.0,0.0,0.0,0.0,1.0,0.0,0.0,0.0,0.0,0.0,0.0,0.0,0.0,0.0,0.0,0.0,0.0,0.0,0.0,0.0,0.0,0.0,0.0,0.0,0.0,0.0,0.0,0.0,0.0,0.0,0.0,0.0,0.0,0.0,0.0,0.0,0.0,0.0,0.0,0.0,0.0,0.0,0.0,0.0,0.0,0.0,0.0,0.0,0.0,0.0
P1_NDVI,0.7379,-0.2407,0.7813,0.1356,-0.1321,-0.1142,-0.0668,0.0719,-0.3427,-0.1288,-0.1274,0.0861,-0.2589,-0.1451,-0.0968,0.1813,-0.1933,0.7307,-0.0752,0.1091,-0.0997,-0.029,-0.089,0.0715,0.1141,0.142,0.1311,0.1556,0.0741,-0.0306,-0.0279,-0.0279,-0.2637,-0.265,-0.2304,-0.1781,-0.611,-0.5807,-0.1439,-0.3348,-0.3001,-0.0185,0.1661,0.1258,0.087,0.0,0.0,0.0,0.0,0.0,0.0,0.0,0.0,0.0,0.0,1.0,0.0,0.0,0.0,0.0,0.0,0.0,0.0,0.0,0.0,0.0,0.0,0.0,0.0,0.0,0.0,0.0,0.0,0.0,0.0,0.0,0.0,0.0,0.0,0.0,0.0,0.0,0.0,0.0,0.0,0.0,0.0,0.0,0.0,0.0,0.0,0.0,0.0,0.0,0.0,0.0,0.0,0.0,0.0,0.0
P1_NDVI_max,0.6987,-0.0806,0.8714,-0.1036,0.0752,-0.0471,-0.0079,0.0157,-0.0939,-0.0531,0.0466,0.0643,-0.0371,-0.0014,0.1262,0.0775,-0.0206,0.5313,-0.0207,0.1297,-0.0324,0.0158,0.0229,0.056,-0.1147,0.0024,0.0155,0.0268,0.041,-0.0654,-0.0632,-0.0632,-0.0462,-0.0586,-0.0722,-0.0175,-0.3866,-0.4038,0.0169,-0.1968,-0.1329,0.0837,0.0668,0.0033,-0.0358,0.0,0.0,0.0,0.0,0.0,0.0,0.0,0.0,0.0,0.0,0.0,1.0,0.0,0.0,0.0,0.0,0.0,0.0,0.0,0.0,0.0,0.0,0.0,0.0,0.0,0.0,0.0,0.0,0.0,0.0,0.0,0.0,0.0,0.0,0.0,0.0,0.0,0.0,0.0,0.0,0.0,0.0,0.0,0.0,0.0,0.0,0.0,0.0,0.0,0.0,0.0,0.0,0.0,0.0,0.0
P1_NDWI,0.5554,-0.2908,0.657,0.1894,-0.1461,-0.0868,-0.1049,0.0672,-0.3191,-0.1294,-0.11,0.0959,-0.223,-0.1096,-0.1372,0.2066,-0.2207,0.5844,-0.0455,0.0615,-0.0884,-0.0388,-0.0426,0.0574,0.1666,0.1785,0.1674,0.1909,0.1065,-0.0474,-0.0446,-0.0446,-0.339,-0.3313,-0.2703,-0.173,-0.5278,-0.6511,-0.2285,-0.2645,-0.2655,-0.0197,0.1616,0.1309,0.0664,0.0,0.0,0.0,0.0,0.0,0.0,0.0,0.0,0.0,0.0,0.0,0.0,1.0,0.0,0.0,0.0,0.0,0.0,0.0,0.0,0.0,0.0,0.0,0.0,0.0,0.0,0.0,0.0,0.0,0.0,0.0,0.0,0.0,0.0,0.0,0.0,0.0,0.0,0.0,0.0,0.0,0.0,0.0,0.0,0.0,0.0,0.0,0.0,0.0,0.0,0.0,0.0,0.0,0.0,0.0
P1_NIRv,0.8581,-0.1234,0.7436,0.0255,-0.047,-0.0423,-0.0246,0.0802,-0.2591,-0.0517,-0.122,0.0296,-0.1715,-0.0707,-0.0403,0.1222,-0.0752,0.6331,-0.0156,0.0553,-0.0238,-0.0853,-0.0228,-0.0046,0.0081,0.0461,0.033,0.0518,0.0766,0.0152,0.0173,0.0173,-0.1352,-0.141,-0.1183,-0.0841,-0.559,-0.5425,-0.0681,-0.3153,-0.2616,-0.0009,0.1519,0.1065,0.0696,0.0,0.0,0.0,0.0,0.0,0.0,0.0,0.0,0.0,0.0,0.0,0.0,0.0,1.0,0.0,0.0,0.0,0.0,0.0,0.0,0.0,0.0,0.0,0.0,0.0,0.0,0.0,0.0,0.0,0.0,0.0,0.0,0.0,0.0,0.0,0.0,0.0,0.0,0.0,0.0,0.0,0.0,0.0,0.0,0.0,0.0,0.0,0.0,0.0,0.0,0.0,0.0,0.0,0.0,0.0
P1_EVI,0.1244,-0.2923,0.3482,0.107,-0.0159,-0.127,-0.1195,-0.0677,-0.1067,-0.1652,0.0558,0.1976,-0.2124,-0.1412,0.1073,0.0819,-0.1967,0.4258,-0.04,0.3166,-0.1039,0.2541,-0.0766,0.2617,0.0984,0.1848,0.2134,0.2077,-0.0334,-0.1475,-0.1445,-0.1445,-0.2376,-0.2352,-0.2384,-0.1594,-0.1289,-0.1668,-0.152,-0.1104,-0.0524,-0.0021,-0.077,-0.0999,0.0327,0.0,0.0,0.0,0.0,0.0,0.0,0.0,0.0,0.0,0.0,0.0,0.0,0.0,0.0,1.0,0.0,0.0,0.0,0.0,0.0,0.0,0.0,0.0,0.0,0.0,0.0,0.0,0.0,0.0,0.0,0.0,0.0,0.0,0.0,0.0,0.0,0.0,0.0,0.0,0.0,0.0,0.0,0.0,0.0,0.0,0.0,0.0,0.0,0.0,0.0,0.0,0.0,0.0,0.0,0.0
P1_EVI_max,0.0846,-0.3898,0.3674,0.1585,-0.0199,-0.1913,-0.1769,-0.1107,-0.1078,-0.2429,0.0944,0.2398,-0.2039,-0.1589,0.1016,0.133,-0.2936,0.4532,-0.1101,0.3535,-0.1905,0.2886,-0.1152,0.2942,0.1501,0.2593,0.3036,0.3064,-0.0397,-0.2348,-0.232,-0.232,-0.3212,-0.3155,-0.3305,-0.2169,-0.1136,-0.1588,-0.1886,-0.1043,-0.0417,-0.0209,-0.0905,-0.1157,-0.0192,0.0,0.0,0.0,0.0,0.0,0.0,0.0,0.0,0.0,0.0,0.0,0.0,0.0,0.0,0.0,1.0,0.0,0.0,0.0,0.0,0.0,0.0,0.0,0.0,0.0,0.0,0.0,0.0,0.0,0.0,0.0,0.0,0.0,0.0,0.0,0.0,0.0,0.0,0.0,0.0,0.0,0.0,0.0,0.0,0.0,0.0,0.0,0.0,0.0,0.0,0.0,0.0,0.0,0.0,0.0
P2_Tmean,-0.1912,-0.2851,0.0392,0.0803,0.1074,-0.5425,-0.6002,-0.7184,0.0567,-0.6221,0.3322,0.3166,-0.0939,-0.3767,-0.0651,0.2387,-0.3857,0.2515,-0.5106,0.5338,-0.6176,0.4996,-0.4603,0.3931,0.1374,0.5113,0.5804,0.5844,-0.1153,-0.9138,-0.9121,-0.9121,-0.1501,-0.2004,-0.4382,-0.4129,0.292,0.2501,0.303,0.0507,0.115,-0.0474,-0.3105,-0.3329,-0.2237,0.0,0.0,0.0,0.0,0.0,0.0,0.0,0.0,0.0,0.0,0.0,0.0,0.0,0.0,0.0,0.0,1.0,0.0,0.0,0.0,0.0,0.0,0.0,0.0,0.0,0.0,0.0,0.0,0.0,0.0,0.0,0.0,0.0,0.0,0.0,0.0,0.0,0.0,0.0,0.0,0.0,0.0,0.0,0.0,0.0,0.0,0.0,0.0,0.0,0.0,0.0,0.0,0.0,0.0,0.0
P2_PPT,-0.1518,-0.3763,0.161,0.2038,-0.1856,-0.7442,-0.5,-0.0547,-0.1373,-0.543,0.2093,0.2681,-0.1052,-0.2647,-0.0689,0.0689,-0.4332,0.3436,-0.6806,0.3915,-0.5311,0.4081,-0.3403,0.4079,0.2413,0.7969,0.7452,0.6621,0.0242,-0.6386,-0.6363,-0.6363,-0.2631,-0.4115,-0.5141,-0.3837,0.0289,0.1046,0.2915,0.0034,-0.1222,-0.3309,-0.1169,-0.1367,-0.3752,0.0,0.0,0.0,0.0,0.0,0.0,0.0,0.0,0.0,0.0,0.0,0.0,0.0,0.0,0.0,0.0,0.0,1.0,0.0,0.0,0.0,0.0,0.0,0.0,0.0,0.0,0.0,0.0,0.0,0.0,0.0,0.0,0.0,0.0,0.0,0.0,0.0,0.0,0.0,0.0,0.0,0.0,0.0,0.0,0.0,0.0,0.0,0.0,0.0,0.0,0.0,0.0,0.0,0.0,0.0
P2_SM,-0.2992,-0.6494,0.1448,0.4216,-0.2812,-0.8754,-0.4568,-0.2602,-0.282,-0.8424,0.3056,0.5043,-0.3106,-0.6193,-0.109,0.3833,-0.7258,0.4484,-0.7427,0.5134,-0.7825,0.5315,-0.6497,0.5503,0.4361,0.7598,0.8116,0.8238,-0.0318,-0.6232,-0.6206,-0.6205,-0.546,-0.6379,-0.7895,-0.7281,0.0294,0.0789,0.1637,-0.0234,-0.0762,-0.1851,-0.1029,-0.0888,-0.2213,0.0,0.0,0.0,0.0,0.0,0.0,0.0,0.0,0.0,0.0,0.0,0.0,0.0,0.0,0.0,0.0,0.0,0.0,1.0,0.0,0.0,0.0,0.0,0.0,0.0,0.0,0.0,0.0,0.0,0.0,0.0,0.0,0.0,0.0,0.0,0.0,0.0,0.0,0.0,0.0,0.0,0.0,0.0,0.0,0.0,0.0,0.0,0.0,0.0,0.0,0.0,0.0,0.0,0.0,0.0
P2_GDD,-0.1154,-0.1777,0.0828,-0.0853,0.0808,-0.3455,-0.7217,-0.624,0.1023,-0.4937,0.2668,0.261,-0.0873,-0.2872,-0.0123,0.1815,-0.241,0.2321,-0.3775,0.4275,-0.4932,0.4517,-0.3598,0.3242,-0.0144,0.3853,0.4628,0.4693,-0.0451,-0.6882,-0.6862,-0.6862,0.0094,-0.0149,-0.2723,-0.2764,0.2067,0.1876,0.2765,0.1269,0.1783,0.0069,-0.3576,-0.383,-0.217,0.0,0.0,0.0,0.0,0.0,0.0,0.0,0.0,0.0,0.0,0.0,0.0,0.0,0.0,0.0,0.0,0.0,0.0,0.0,1.0,0.0,0.0,0.0,0.0,0.0,0.0,0.0,0.0,0.0,0.0,0.0,0.0,0.0,0.0,0.0,0.0,0.0,0.0,0.0,0.0,0.0,0.0,0.0,0.0,0.0,0.0,0.0,0.0,0.0,0.0,0.0,0.0,0.0,0.0,0.0
P2_FDD,0.1916,0.2667,-0.0085,-0.236,-0.1355,0.5881,0.4194,0.6065,-0.0502,0.5229,-0.2728,-0.1966,0.0182,0.2285,0.0986,-0.1056,0.384,-0.2272,0.5254,-0.5249,0.5139,-0.425,0.3261,-0.353,-0.2789,-0.6079,-0.5951,-0.5576,0.1304,1.0,0.9997,0.9997,0.2137,0.2982,0.4331,0.3214,-0.3114,-0.2472,-0.2561,0.0457,-0.0239,0.2335,0.221,0.2683,0.2502,0.0,0.0,0.0,0.0,0.0,0.0,0.0,0.0,0.0,0.0,0.0,0.0,0.0,0.0,0.0,0.0,0.0,0.0,0.0,0.0,1.0,0.0,0.0,0.0,0.0,0.0,0.0,0.0,0.0,0.0,0.0,0.0,0.0,0.0,0.0,0.0,0.0,0.0,0.0,0.0,0.0,0.0,0.0,0.0,0.0,0.0,0.0,0.0,0.0,0.0,0.0,0.0,0.0,0.0,0.0
P2_VPD,0.0655,0.3097,-0.1792,-0.2592,0.2055,0.8201,0.1385,-0.1698,0.2509,0.5028,-0.2349,-0.1856,0.0707,0.2274,0.0697,-0.0668,0.4282,-0.2613,0.7449,-0.2709,0.4715,-0.2086,0.3124,-0.2834,-0.2571,-0.6545,-0.552,-0.4778,-0.0567,0.4793,0.4768,0.4768,0.3299,0.5404,0.555,0.4017,0.0223,-0.0159,-0.3266,0.1502,0.2572,0.3733,-0.0902,-0.0745,0.2929,0.0,0.0,0.0,0.0,0.0,0.0,0.0,0.0,0.0,0.0,0.0,0.0,0.0,0.0,0.0,0.0,0.0,0.0,0.0,0.0,0.0,1.0,0.0,0.0,0.0,0.0,0.0,0.0,0.0,0.0,0.0,0.0,0.0,0.0,0.0,0.0,0.0,0.0,0.0,0.0,0.0,0.0,0.0,0.0,0.0,0.0,0.0,0.0,0.0,0.0,0.0,0.0,0.0,0.0,0.0
P2_VPD_max,0.0529,0.2892,-0.1448,-0.2097,0.125,0.8578,0.0318,-0.0984,0.2355,0.4679,-0.2311,-0.2594,0.1619,0.3913,0.0415,-0.2024,0.3982,-0.225,0.617,-0.2736,0.4603,-0.1944,0.4484,-0.2827,-0.1972,-0.4707,-0.4369,-0.4162,-0.0002,0.3783,0.3764,0.3764,0.2917,0.4487,0.4909,0.4941,-0.0132,-0.0353,-0.3122,0.1548,0.2406,0.1827,-0.1232,-0.1587,0.0369,0.0,0.0,0.0,0.0,0.0,0.0,0.0,0.0,0.0,0.0,0.0,0.0,0.0,0.0,0.0,0.0,0.0,0.0,0.0,0.0,0.0,0.0,1.0,0.0,0.0,0.0,0.0,0.0,0.0,0.0,0.0,0.0,0.0,0.0,0.0,0.0,0.0,0.0,0.0,0.0,0.0,0.0,0.0,0.0,0.0,0.0,0.0,0.0,0.0,0.0,0.0,0.0,0.0,0.0,0.0
P2_NDVI,-0.0521,0.024,-0.0432,0.0323,0.8583,-0.1474,0.343,-0.3754,0.5866,-0.1149,0.5001,-0.0117,0.3133,-0.0164,0.3413,-0.0286,-0.0359,-0.0509,-0.1276,0.652,-0.1228,0.3896,-0.0662,0.1749,0.0583,0.1277,0.1326,0.1153,-0.0819,-0.4352,-0.4346,-0.4346,0.0534,0.0341,-0.0364,-0.0159,0.7942,0.6027,0.1608,-0.172,0.1435,-0.1131,-0.3875,-0.3984,-0.05,0.0,0.0,0.0,0.0,0.0,0.0,0.0,0.0,0.0,0.0,0.0,0.0,0.0,0.0,0.0,0.0,0.0,0.0,0.0,0.0,0.0,0.0,0.0,1.0,0.0,0.0,0.0,0.0,0.0,0.0,0.0,0.0,0.0,0.0,0.0,0.0,0.0,0.0,0.0,0.0,0.0,0.0,0.0,0.0,0.0,0.0,0.0,0.0,0.0,0.0,0.0,0.0,0.0,0.0,0.0
P2_NDVI_max,0.0055,0.123,-0.0117,-0.1086,0.854,-0.0318,0.426,-0.2907,0.6429,-0.0317,0.5337,-0.0524,0.375,0.0546,0.4434,-0.0858,0.0768,-0.1047,-0.0448,0.5503,-0.0357,0.3451,0.0047,0.1213,-0.085,-0.0031,0.0036,-0.0121,-0.0697,-0.2947,-0.2943,-0.2943,0.1712,0.1544,0.0753,0.0764,0.7484,0.6007,0.1898,-0.0798,0.1819,-0.0485,-0.3937,-0.4093,-0.0749,0.0,0.0,0.0,0.0,0.0,0.0,0.0,0.0,0.0,0.0,0.0,0.0,0.0,0.0,0.0,0.0,0.0,0.0,0.0,0.0,0.0,0.0,0.0,0.0,1.0,0.0,0.0,0.0,0.0,0.0,0.0,0.0,0.0,0.0,0.0,0.0,0.0,0.0,0.0,0.0,0.0,0.0,0.0,0.0,0.0,0.0,0.0,0.0,0.0,0.0,0.0,0.0,0.0,0.0,0.0
P2_NDWI,-0.1826,-0.0929,-0.1232,0.079,0.6453,-0.2091,0.1675,-0.2738,0.5035,-0.1766,0.4251,0.0757,0.2562,-0.057,0.2087,0.0144,-0.1411,-0.0466,-0.2217,0.4872,-0.2039,0.4091,-0.1111,0.2246,0.1085,0.2481,0.2793,0.2552,-0.0398,-0.4062,-0.4061,-0.4061,-0.0427,-0.0735,-0.1358,-0.0886,0.6496,0.7485,0.0898,-0.0136,-0.0689,-0.1146,-0.3627,-0.3947,-0.1114,0.0,0.0,0.0,0.0,0.0,0.0,0.0,0.0,0.0,0.0,0.0,0.0,0.0,0.0,0.0,0.0,0.0,0.0,0.0,0.0,0.0,0.0,0.0,0.0,0.0,1.0,0.0,0.0,0.0,0.0,0.0,0.0,0.0,0.0,0.0,0.0,0.0,0.0,0.0,0.0,0.0,0.0,0.0,0.0,0.0,0.0,0.0,0.0,0.0,0.0,0.0,0.0,0.0,0.0,0.0
P2_NIRv,-0.012,0.1042,-0.0759,-0.0561,0.931,-0.0605,0.378,-0.3539,0.6509,-0.0343,0.4849,-0.0458,0.3643,0.0492,0.3701,-0.0684,0.0586,-0.1208,-0.0508,0.5762,-0.0469,0.3374,-0.0019,0.11,-0.0308,0.0328,0.0455,0.0272,-0.082,-0.3705,-0.3704,-0.3704,0.1426,0.129,0.0573,0.0622,0.8018,0.6344,0.178,-0.1198,0.1649,-0.0642,-0.3997,-0.416,-0.0513,0.0,0.0,0.0,0.0,0.0,0.0,0.0,0.0,0.0,0.0,0.0,0.0,0.0,0.0,0.0,0.0,0.0,0.0,0.0,0.0,0.0,0.0,0.0,0.0,0.0,0.0,1.0,0.0,0.0,0.0,0.0,0.0,0.0,0.0,0.0,0.0,0.0,0.0,0.0,0.0,0.0,0.0,0.0,0.0,0.0,0.0,0.0,0.0,0.0,0.0,0.0,0.0,0.0,0.0,0.0
P2_EVI,-0.1393,-0.0268,-0.1526,0.0622,0.3886,-0.3057,-0.2079,-0.675,0.2941,-0.2872,0.2332,0.0108,0.1351,-0.1198,0.1065,0.0289,-0.1356,-0.0414,-0.2828,0.3954,-0.2941,0.271,-0.2106,0.1304,0.109,0.2853,0.2925,0.2768,-0.1275,-0.737,-0.7366,-0.7366,0.0601,0.0334,-0.1128,-0.113,0.4837,0.4121,0.3089,-0.0156,0.1541,-0.1939,-0.272,-0.32,-0.1154,0.0,0.0,0.0,0.0,0.0,0.0,0.0,0.0,0.0,0.0,0.0,0.0,0.0,0.0,0.0,0.0,0.0,0.0,0.0,0.0,0.0,0.0,0.0,0.0,0.0,0.0,0.0,1.0,0.0,0.0,0.0,0.0,0.0,0.0,0.0,0.0,0.0,0.0,0.0,0.0,0.0,0.0,0.0,0.0,0.0,0.0,0.0,0.0,0.0,0.0,0.0,0.0,0.0,0.0,0.0
P2_EVI_max,-0.1511,-0.0292,-0.1567,-0.0219,0.3604,-0.3215,-0.2744,-0.682,0.3071,-0.3319,0.2807,0.0551,0.1492,-0.149,0.1189,0.0474,-0.1429,-0.065,-0.3235,0.3645,-0.347,0.2909,-0.2512,0.1359,0.0322,0.2596,0.2987,0.2909,-0.1365,-0.7225,-0.7222,-0.7222,0.0926,0.0569,-0.1255,-0.1363,0.4803,0.4341,0.3472,0.0557,0.1912,-0.1249,-0.2988,-0.3316,-0.1689,0.0,0.0,0.0,0.0,0.0,0.0,0.0,0.0,0.0,0.0,0.0,0.0,0.0,0.0,0.0,0.0,0.0,0.0,0.0,0.0,0.0,0.0,0.0,0.0,0.0,0.0,0.0,0.0,1.0,0.0,0.0,0.0,0.0,0.0,0.0,0.0,0.0,0.0,0.0,0.0,0.0,0.0,0.0,0.0,0.0,0.0,0.0,0.0,0.0,0.0,0.0,0.0,0.0,0.0,0.0
P3_Tmean,-0.0351,0.4834,-0.3995,-0.178,0.2504,0.4724,-0.0434,-0.0851,0.4552,0.571,-0.3144,-0.4071,0.2857,0.4169,0.0504,-0.4517,0.49,-0.3906,0.3426,-0.2156,0.4784,-0.1496,0.3744,-0.2932,-0.0963,-0.1608,-0.2102,-0.29,-0.1291,0.1126,0.1084,0.1084,0.5818,0.6313,0.6711,0.5876,0.2222,0.2809,0.0358,0.2147,0.2248,-0.2133,-0.1957,-0.1951,0.0934,0.0,0.0,0.0,0.0,0.0,0.0,0.0,0.0,0.0,0.0,0.0,0.0,0.0,0.0,0.0,0.0,0.0,0.0,0.0,0.0,0.0,0.0,0.0,0.0,0.0,0.0,0.0,0.0,0.0,1.0,0.0,0.0,0.0,0.0,0.0,0.0,0.0,0.0,0.0,0.0,0.0,0.0,0.0,0.0,0.0,0.0,0.0,0.0,0.0,0.0,0.0,0.0,0.0,0.0,0.0
P3_PPT,-0.2319,-0.5492,0.0603,0.076,-0.1293,-0.342,-0.3098,-0.2444,-0.1449,-0.6356,0.2103,0.9527,-0.2954,-0.545,0.0132,0.4256,-0.4948,0.3438,-0.2757,0.3724,-0.6027,0.5053,-0.5056,0.4836,0.076,0.2167,0.5988,0.6533,-0.0469,-0.2028,-0.2025,-0.2025,-0.3962,-0.3592,-0.5605,-0.5994,-0.0021,0.0819,-0.1431,0.192,0.1142,0.5662,-0.184,-0.1608,-0.1901,0.0,0.0,0.0,0.0,0.0,0.0,0.0,0.0,0.0,0.0,0.0,0.0,0.0,0.0,0.0,0.0,0.0,0.0,0.0,0.0,0.0,0.0,0.0,0.0,0.0,0.0,0.0,0.0,0.0,0.0,1.0,0.0,0.0,0.0,0.0,0.0,0.0,0.0,0.0,0.0,0.0,0.0,0.0,0.0,0.0,0.0,0.0,0.0,0.0,0.0,0.0,0.0,0.0,0.0,0.0
P3_SM,-0.2761,-0.7005,0.1974,0.1672,-0.2404,-0.6975,-0.4633,-0.3821,-0.2992,-0.9541,0.408,0.802,-0.3847,-0.7696,-0.0541,0.5933,-0.7099,0.4488,-0.5974,0.5,-0.8782,0.58,-0.7541,0.5804,0.1591,0.442,0.6875,0.7745,-0.0248,-0.4798,-0.4773,-0.4773,-0.534,-0.5589,-0.8204,-0.8452,0.0058,0.0532,0.0627,0.0867,0.0387,0.372,-0.1542,-0.1254,-0.2435,0.0,0.0,0.0,0.0,0.0,0.0,0.0,0.0,0.0,0.0,0.0,0.0,0.0,0.0,0.0,0.0,0.0,0.0,0.0,0.0,0.0,0.0,0.0,0.0,0.0,0.0,0.0,0.0,0.0,0.0,0.0,1.0,0.0,0.0,0.0,0.0,0.0,0.0,0.0,0.0,0.0,0.0,0.0,0.0,0.0,0.0,0.0,0.0,0.0,0.0,0.0,0.0,0.0,0.0,0.0
P3_GDD,-0.0709,0.4675,-0.5146,-0.0746,0.2977,0.4214,0.0988,-0.0834,0.4795,0.5712,-0.3375,-0.3941,0.3594,0.477,0.0953,-0.4965,0.455,-0.4484,0.3318,-0.21,0.4734,-0.1703,0.4072,-0.2974,-0.0059,-0.1375,-0.1902,-0.2855,-0.1572,0.0787,0.0745,0.0745,0.5145,0.5603,0.6302,0.5812,0.2892,0.3393,0.0492,0.1816,0.209,-0.265,-0.1472,-0.1583,0.042,0.0,0.0,0.0,0.0,0.0,0.0,0.0,0.0,0.0,0.0,0.0,0.0,0.0,0.0,0.0,0.0,0.0,0.0,0.0,0.0,0.0,0.0,0.0,0.0,0.0,0.0,0.0,0.0,0.0,0.0,0.0,0.0,1.0,0.0,0.0,0.0,0.0,0.0,0.0,0.0,0.0,0.0,0.0,0.0,0.0,0.0,0.0,0.0,0.0,0.0,0.0,0.0,0.0,0.0,0.0
P3_FDD,0.1403,0.0107,0.1926,-0.0288,-0.1362,0.0686,0.1455,0.2317,-0.2344,-0.0315,0.0017,0.0537,-0.1053,0.0006,-0.0014,0.0375,0.0071,0.1216,0.0665,-0.0355,0.0216,-0.0707,0.0293,0.0214,-0.0826,-0.0921,-0.1281,-0.1173,0.2542,0.2602,0.2673,0.2673,-0.0651,-0.0693,-0.0586,-0.0598,-0.2081,-0.2607,-0.0477,-0.1227,-0.1105,0.1648,0.1382,0.1147,-0.0488,0.0,0.0,0.0,0.0,0.0,0.0,0.0,0.0,0.0,0.0,0.0,0.0,0.0,0.0,0.0,0.0,0.0,0.0,0.0,0.0,0.0,0.0,0.0,0.0,0.0,0.0,0.0,0.0,0.0,0.0,0.0,0.0,0.0,1.0,0.0,0.0,0.0,0.0,0.0,0.0,0.0,0.0,0.0,0.0,0.0,0.0,0.0,0.0,0.0,0.0,0.0,0.0,0.0,0.0,0.0
P3_VPD,0.2247,0.7097,-0.2167,-0.2027,0.2311,0.7149,0.4224,0.3576,0.3385,0.9643,-0.4084,-0.7855,0.3998,0.7726,0.0837,-0.6495,0.7468,-0.494,0.6187,-0.5147,0.915,-0.5583,0.7685,-0.5844,-0.1868,-0.4416,-0.6703,-0.7674,-0.0014,0.4852,0.4819,0.4819,0.6165,0.6495,0.903,0.9064,0.0273,-0.001,-0.0335,-0.0104,0.0451,-0.3424,0.1053,0.0723,0.1691,0.0,0.0,0.0,0.0,0.0,0.0,0.0,0.0,0.0,0.0,0.0,0.0,0.0,0.0,0.0,0.0,0.0,0.0,0.0,0.0,0.0,0.0,0.0,0.0,0.0,0.0,0.0,0.0,0.0,0.0,0.0,0.0,0.0,0.0,1.0,0.0,0.0,0.0,0.0,0.0,0.0,0.0,0.0,0.0,0.0,0.0,0.0,0.0,0.0,0.0,0.0,0.0,0.0,0.0,0.0
P3_VPD_max,0.1873,0.6043,-0.2115,-0.2278,0.2231,0.7582,0.4,0.3616,0.3484,0.9712,-0.3992,-0.6582,0.3898,0.7349,0.0915,-0.5948,0.7073,-0.4746,0.6644,-0.5049,0.8692,-0.501,0.7538,-0.5388,-0.2165,-0.4686,-0.63,-0.7123,-0.0205,0.517,0.5136,0.5136,0.5569,0.6189,0.8501,0.8601,0.0103,0.0024,-0.1461,0.0653,0.09,-0.1769,0.0764,0.0416,0.1128,0.0,0.0,0.0,0.0,0.0,0.0,0.0,0.0,0.0,0.0,0.0,0.0,0.0,0.0,0.0,0.0,0.0,0.0,0.0,0.0,0.0,0.0,0.0,0.0,0.0,0.0,0.0,0.0,0.0,0.0,0.0,0.0,0.0,0.0,0.0,1.0,0.0,0.0,0.0,0.0,0.0,0.0,0.0,0.0,0.0,0.0,0.0,0.0,0.0,0.0,0.0,0.0,0.0,0.0,0.0
P3_NDVI,-0.2341,0.055,-0.2041,-0.1445,0.6097,-0.0437,0.13,-0.3451,0.8584,-0.104,0.6998,0.0979,0.4669,0.0111,0.4628,-0.0644,0.0071,-0.1995,-0.1042,0.4147,-0.143,0.5729,-0.0656,0.2472,-0.1015,0.025,0.1141,0.101,-0.1131,-0.2934,-0.2948,-0.2948,0.1688,0.1648,0.0367,0.03,0.6933,0.6392,0.1649,0.5575,0.6202,0.0572,-0.6249,-0.5237,-0.2227,0.0,0.0,0.0,0.0,0.0,0.0,0.0,0.0,0.0,0.0,0.0,0.0,0.0,0.0,0.0,0.0,0.0,0.0,0.0,0.0,0.0,0.0,0.0,0.0,0.0,0.0,0.0,0.0,0.0,0.0,0.0,0.0,0.0,0.0,0.0,0.0,1.0,0.0,0.0,0.0,0.0,0.0,0.0,0.0,0.0,0.0,0.0,0.0,0.0,0.0,0.0,0.0,0.0,0.0,0.0
P3_NDVI_max,-0.1425,0.1848,-0.1708,-0.2589,0.6199,0.0282,0.1976,-0.291,0.8483,-0.0111,0.7488,0.023,0.5399,0.078,0.5543,-0.1047,0.1276,-0.253,-0.0425,0.3276,-0.0477,0.4607,-0.0022,0.1788,-0.2195,-0.1031,-0.0279,-0.0398,-0.1073,-0.2055,-0.2072,-0.2072,0.2933,0.2815,0.1561,0.1258,0.6614,0.5938,0.2477,0.5172,0.6232,0.0781,-0.5065,-0.4485,-0.1932,0.0,0.0,0.0,0.0,0.0,0.0,0.0,0.0,0.0,0.0,0.0,0.0,0.0,0.0,0.0,0.0,0.0,0.0,0.0,0.0,0.0,0.0,0.0,0.0,0.0,0.0,0.0,0.0,0.0,0.0,0.0,0.0,0.0,0.0,0.0,0.0,0.0,1.0,0.0,0.0,0.0,0.0,0.0,0.0,0.0,0.0,0.0,0.0,0.0,0.0,0.0,0.0,0.0,0.0,0.0
P3_NDWI,-0.2641,0.033,-0.2317,-0.0893,0.6071,-0.0338,0.0985,-0.38,0.8157,-0.1122,0.6352,0.0888,0.4433,0.0138,0.4056,-0.0438,-0.0148,-0.2051,-0.1011,0.4025,-0.1429,0.5237,-0.0605,0.2231,-0.0463,0.0634,0.1441,0.1318,-0.0899,-0.3194,-0.321,-0.321,0.135,0.1379,0.0214,0.0247,0.7017,0.6576,0.1373,0.4719,0.632,0.0271,-0.5797,-0.5953,-0.2216,0.0,0.0,0.0,0.0,0.0,0.0,0.0,0.0,0.0,0.0,0.0,0.0,0.0,0.0,0.0,0.0,0.0,0.0,0.0,0.0,0.0,0.0,0.0,0.0,0.0,0.0,0.0,0.0,0.0,0.0,0.0,0.0,0.0,0.0,0.0,0.0,0.0,0.0,1.0,0.0,0.0,0.0,0.0,0.0,0.0,0.0,0.0,0.0,0.0,0.0,0.0,0.0,0.0,0.0,0.0
P3_NIRv,-0.2,0.1275,-0.2362,-0.185,0.6507,0.0177,0.1594,-0.3361,0.9057,-0.0369,0.6602,0.0513,0.5062,0.0652,0.4775,-0.1005,0.0809,-0.2502,-0.0499,0.3684,-0.0794,0.5106,-0.0159,0.1894,-0.1415,-0.0319,0.0491,0.0344,-0.1097,-0.2524,-0.2543,-0.2543,0.2404,0.2405,0.1147,0.0938,0.7067,0.6502,0.1893,0.5368,0.634,0.0608,-0.6049,-0.5345,-0.2185,0.0,0.0,0.0,0.0,0.0,0.0,0.0,0.0,0.0,0.0,0.0,0.0,0.0,0.0,0.0,0.0,0.0,0.0,0.0,0.0,0.0,0.0,0.0,0.0,0.0,0.0,0.0,0.0,0.0,0.0,0.0,0.0,0.0,0.0,0.0,0.0,0.0,0.0,0.0,1.0,0.0,0.0,0.0,0.0,0.0,0.0,0.0,0.0,0.0,0.0,0.0,0.0,0.0,0.0,0.0
P3_EVI,-0.1947,0.0454,-0.3433,-0.059,0.2852,-0.1417,-0.2197,-0.5051,0.3937,-0.1443,0.1417,0.0396,0.2667,-0.0163,0.1543,-0.0682,-0.0388,-0.2246,-0.2193,0.1481,-0.2159,0.1911,-0.1361,0.0356,0.0124,0.1354,0.2144,0.1965,-0.19,-0.4313,-0.4344,-0.4344,0.1952,0.1829,0.0334,0.002,0.4363,0.4608,0.2725,0.2295,0.2899,-0.1113,-0.2699,-0.2588,-0.2237,0.0,0.0,0.0,0.0,0.0,0.0,0.0,0.0,0.0,0.0,0.0,0.0,0.0,0.0,0.0,0.0,0.0,0.0,0.0,0.0,0.0,0.0,0.0,0.0,0.0,0.0,0.0,0.0,0.0,0.0,0.0,0.0,0.0,0.0,0.0,0.0,0.0,0.0,0.0,0.0,1.0,0.0,0.0,0.0,0.0,0.0,0.0,0.0,0.0,0.0,0.0,0.0,0.0,0.0,0.0
P3_EVI_max,-0.1968,0.1254,-0.4036,-0.0321,0.2626,-0.1065,-0.156,-0.4607,0.3867,-0.1019,0.1051,-0.0254,0.2991,0.0287,0.1761,-0.1248,0.01,-0.2599,-0.1782,0.1079,-0.1596,0.1566,-0.1002,0.0199,0.036,0.1095,0.1644,0.1355,-0.1974,-0.357,-0.3608,-0.3609,0.2435,0.2338,0.0941,0.0466,0.4298,0.4678,0.2991,0.2243,0.2802,-0.1692,-0.2294,-0.2097,-0.227,0.0,0.0,0.0,0.0,0.0,0.0,0.0,0.0,0.0,0.0,0.0,0.0,0.0,0.0,0.0,0.0,0.0,0.0,0.0,0.0,0.0,0.0,0.0,0.0,0.0,0.0,0.0,0.0,0.0,0.0,0.0,0.0,0.0,0.0,0.0,0.0,0.0,0.0,0.0,0.0,0.0,1.0,0.0,0.0,0.0,0.0,0.0,0.0,0.0,0.0,0.0,0.0,0.0,0.0,0.0
P4_Tmean,-0.1534,0.2182,-0.3458,0.212,0.1158,0.3031,0.019,0.054,0.2787,0.5161,-0.3449,-0.4011,0.3424,0.5642,-0.1641,-0.5449,0.2316,-0.3505,0.1927,-0.2606,0.4076,-0.2409,0.5103,-0.2989,0.2797,0.1225,-0.0073,-0.1226,-0.1321,0.0205,0.0165,0.0165,0.1893,0.2107,0.3965,0.5664,0.141,0.1765,-0.1995,0.0972,0.0752,-0.3982,-0.0125,-0.0407,-0.1404,0.0,0.0,0.0,0.0,0.0,0.0,0.0,0.0,0.0,0.0,0.0,0.0,0.0,0.0,0.0,0.0,0.0,0.0,0.0,0.0,0.0,0.0,0.0,0.0,0.0,0.0,0.0,0.0,0.0,0.0,0.0,0.0,0.0,0.0,0.0,0.0,0.0,0.0,0.0,0.0,0.0,0.0,1.0,0.0,0.0,0.0,0.0,0.0,0.0,0.0,0.0,0.0,0.0,0.0,0.0
P4_PPT,-0.1101,-0.5238,0.1889,0.1517,-0.1573,-0.2802,-0.2107,-0.2711,-0.2838,-0.5684,0.1937,0.498,-0.5245,-0.8068,-0.1575,0.9862,-0.5052,0.3309,-0.2291,0.236,-0.5493,0.2636,-0.6759,0.2943,0.125,0.0766,0.2873,0.5245,0.0345,-0.1116,-0.1101,-0.11,-0.4864,-0.4196,-0.5613,-0.7271,-0.1205,-0.115,-0.2,-0.032,-0.0438,0.4352,-0.0159,0.0433,0.4565,0.0,0.0,0.0,0.0,0.0,0.0,0.0,0.0,0.0,0.0,0.0,0.0,0.0,0.0,0.0,0.0,0.0,0.0,0.0,0.0,0.0,0.0,0.0,0.0,0.0,0.0,0.0,0.0,0.0,0.0,0.0,0.0,0.0,0.0,0.0,0.0,0.0,0.0,0.0,0.0,0.0,0.0,0.0,1.0,0.0,0.0,0.0,0.0,0.0,0.0,0.0,0.0,0.0,0.0,0.0
P4_SM,-0.1981,-0.611,0.1958,0.1702,-0.1969,-0.5225,-0.3004,-0.3326,-0.3224,-0.7635,0.2824,0.6355,-0.5927,-0.9646,-0.1136,0.8652,-0.6237,0.4334,-0.4242,0.422,-0.7265,0.4553,-0.8522,0.4797,0.1519,0.2352,0.4591,0.642,-0.0055,-0.2522,-0.2497,-0.2497,-0.4895,-0.4559,-0.6666,-0.8682,-0.0605,-0.0253,-0.0643,-0.021,-0.0449,0.3988,-0.0763,-0.0115,0.37,0.0,0.0,0.0,0.0,0.0,0.0,0.0,0.0,0.0,0.0,0.0,0.0,0.0,0.0,0.0,0.0,0.0,0.0,0.0,0.0,0.0,0.0,0.0,0.0,0.0,0.0,0.0,0.0,0.0,0.0,0.0,0.0,0.0,0.0,0.0,0.0,0.0,0.0,0.0,0.0,0.0,0.0,0.0,0.0,1.0,0.0,0.0,0.0,0.0,0.0,0.0,0.0,0.0,0.0,0.0
P4_GDD,-0.3289,-0.2254,-0.152,0.2718,-0.0821,-0.2932,-0.2271,-0.1689,-0.0434,-0.2065,0.0489,0.0658,0.0362,-0.0982,-0.4288,0.0417,-0.2852,-0.0321,-0.3506,0.0712,-0.2844,0.1104,-0.1661,0.1213,0.306,0.3985,0.3712,0.3522,-0.0601,-0.4124,-0.4154,-0.4154,-0.1986,-0.2418,-0.2379,-0.1403,0.125,0.1969,-0.0312,0.0638,-0.0547,-0.1221,0.0144,0.0132,-0.1256,0.0,0.0,0.0,0.0,0.0,0.0,0.0,0.0,0.0,0.0,0.0,0.0,0.0,0.0,0.0,0.0,0.0,0.0,0.0,0.0,0.0,0.0,0.0,0.0,0.0,0.0,0.0,0.0,0.0,0.0,0.0,0.0,0.0,0.0,0.0,0.0,0.0,0.0,0.0,0.0,0.0,0.0,0.0,0.0,0.0,1.0,0.0,0.0,0.0,0.0,0.0,0.0,0.0,0.0,0.0
P4_FDD,0.0748,0.0474,0.1077,-0.0476,-0.0562,0.0557,-0.0111,0.1299,-0.058,0.036,0.0125,-0.0045,-0.0208,0.0349,-0.0255,0.0421,0.0642,0.0499,-0.0338,-0.0466,0.0383,-0.0487,0.0225,-0.0096,-0.0723,-0.0264,-0.0476,-0.0421,0.6396,0.1461,0.1498,0.15,0.0598,0.0459,0.0437,0.0376,-0.1007,-0.0993,-0.0061,-0.0498,-0.0736,-0.0118,0.0348,0.0061,0.0429,0.0,0.0,0.0,0.0,0.0,0.0,0.0,0.0,0.0,0.0,0.0,0.0,0.0,0.0,0.0,0.0,0.0,0.0,0.0,0.0,0.0,0.0,0.0,0.0,0.0,0.0,0.0,0.0,0.0,0.0,0.0,0.0,0.0,0.0,0.0,0.0,0.0,0.0,0.0,0.0,0.0,0.0,0.0,0.0,0.0,0.0,1.0,0.0,0.0,0.0,0.0,0.0,0.0,0.0,0.0
P4_VPD,0.1317,0.4835,-0.1725,-0.1079,0.2157,0.5476,0.2553,0.2948,0.327,0.7341,-0.2918,-0.5916,0.5489,0.9546,0.0868,-0.7937,0.5473,-0.4303,0.435,-0.4159,0.703,-0.4437,0.91,-0.4849,-0.0848,-0.1681,-0.3629,-0.5229,-0.0252,0.1936,0.1905,0.1905,0.4036,0.3993,0.6174,0.898,0.0786,0.0534,-0.0795,0.0373,0.0592,-0.3569,0.051,-0.0389,-0.3599,0.0,0.0,0.0,0.0,0.0,0.0,0.0,0.0,0.0,0.0,0.0,0.0,0.0,0.0,0.0,0.0,0.0,0.0,0.0,0.0,0.0,0.0,0.0,0.0,0.0,0.0,0.0,0.0,0.0,0.0,0.0,0.0,0.0,0.0,0.0,0.0,0.0,0.0,0.0,0.0,0.0,0.0,0.0,0.0,0.0,0.0,0.0,1.0,0.0,0.0,0.0,0.0,0.0,0.0,0.0
P4_VPD_max,0.1537,0.5264,-0.1942,-0.1723,0.2692,0.581,0.291,0.2628,0.3656,0.7438,-0.2712,-0.5997,0.567,0.9735,0.1225,-0.7692,0.5876,-0.4576,0.4542,-0.4093,0.7037,-0.4426,0.8812,-0.4954,-0.1505,-0.2469,-0.4299,-0.5747,-0.0243,0.1934,0.1901,0.1901,0.4623,0.4593,0.6565,0.9019,0.1104,0.0741,-0.042,0.0419,0.0813,-0.3022,0.0373,-0.056,-0.3164,0.0,0.0,0.0,0.0,0.0,0.0,0.0,0.0,0.0,0.0,0.0,0.0,0.0,0.0,0.0,0.0,0.0,0.0,0.0,0.0,0.0,0.0,0.0,0.0,0.0,0.0,0.0,0.0,0.0,0.0,0.0,0.0,0.0,0.0,0.0,0.0,0.0,0.0,0.0,0.0,0.0,0.0,0.0,0.0,0.0,0.0,0.0,0.0,1.0,0.0,0.0,0.0,0.0,0.0,0.0
P4_NDVI,-0.1353,0.059,-0.1512,-0.0523,0.4076,-0.057,0.2221,-0.1339,0.5338,0.0002,0.4636,-0.0283,0.7718,0.1043,0.7441,-0.1159,0.0315,-0.2413,-0.0791,0.1706,-0.0352,0.2387,0.0385,0.2989,-0.0316,0.0199,0.031,0.0048,-0.0876,-0.1538,-0.1557,-0.1557,0.1127,0.0849,0.0517,0.0843,0.4703,0.4355,0.1383,0.3029,0.3412,-0.0434,0.2038,0.0862,-0.1806,0.0,0.0,0.0,0.0,0.0,0.0,0.0,0.0,0.0,0.0,0.0,0.0,0.0,0.0,0.0,0.0,0.0,0.0,0.0,0.0,0.0,0.0,0.0,0.0,0.0,0.0,0.0,0.0,0.0,0.0,0.0,0.0,0.0,0.0,0.0,0.0,0.0,0.0,0.0,0.0,0.0,0.0,0.0,0.0,0.0,0.0,0.0,0.0,0.0,1.0,0.0,0.0,0.0,0.0,0.0
P4_NDVI_max,-0.1078,0.0972,-0.1211,-0.1109,0.4345,-0.0645,0.2209,-0.1517,0.5501,-0.0094,0.5067,-0.0248,0.7762,0.1133,0.7853,-0.1285,0.0626,-0.2397,-0.09,0.1878,-0.0424,0.2482,0.0352,0.2871,-0.0911,-0.0019,0.0098,-0.0169,-0.0822,-0.1791,-0.181,-0.181,0.166,0.1281,0.0721,0.0974,0.4859,0.4464,0.2003,0.304,0.3567,-0.0138,0.1552,0.0385,-0.2174,0.0,0.0,0.0,0.0,0.0,0.0,0.0,0.0,0.0,0.0,0.0,0.0,0.0,0.0,0.0,0.0,0.0,0.0,0.0,0.0,0.0,0.0,0.0,0.0,0.0,0.0,0.0,0.0,0.0,0.0,0.0,0.0,0.0,0.0,0.0,0.0,0.0,0.0,0.0,0.0,0.0,0.0,0.0,0.0,0.0,0.0,0.0,0.0,0.0,0.0,1.0,0.0,0.0,0.0,0.0
P4_NDWI,-0.2221,-0.0308,-0.2111,0.0196,0.3586,-0.1027,0.1503,-0.1936,0.5151,-0.1,0.4462,0.0437,0.5294,-0.035,0.5138,0.0138,-0.0829,-0.2065,-0.1224,0.2136,-0.13,0.3056,-0.0895,0.2758,0.0433,0.0613,0.1028,0.1078,-0.1004,-0.158,-0.1602,-0.1602,0.0119,0.0054,-0.0421,-0.047,0.4779,0.4396,0.0793,0.3321,0.3828,-0.0311,-0.0189,0.1701,-0.123,0.0,0.0,0.0,0.0,0.0,0.0,0.0,0.0,0.0,0.0,0.0,0.0,0.0,0.0,0.0,0.0,0.0,0.0,0.0,0.0,0.0,0.0,0.0,0.0,0.0,0.0,0.0,0.0,0.0,0.0,0.0,0.0,0.0,0.0,0.0,0.0,0.0,0.0,0.0,0.0,0.0,0.0,0.0,0.0,0.0,0.0,0.0,0.0,0.0,0.0,0.0,1.0,0.0,0.0,0.0
P4_NIRv,-0.0801,0.1443,-0.1534,-0.1676,0.4424,-0.0091,0.2363,-0.1364,0.5882,0.0194,0.5116,-0.0529,0.8433,0.146,0.7445,-0.137,0.1061,-0.2931,-0.0524,0.1254,-0.0091,0.2044,0.0695,0.2226,-0.1479,-0.0762,-0.0576,-0.0797,-0.0881,-0.1253,-0.1276,-0.1276,0.2003,0.1655,0.109,0.1339,0.4849,0.4397,0.2143,0.341,0.3964,0.0046,0.1297,0.0288,-0.2343,0.0,0.0,0.0,0.0,0.0,0.0,0.0,0.0,0.0,0.0,0.0,0.0,0.0,0.0,0.0,0.0,0.0,0.0,0.0,0.0,0.0,0.0,0.0,0.0,0.0,0.0,0.0,0.0,0.0,0.0,0.0,0.0,0.0,0.0,0.0,0.0,0.0,0.0,0.0,0.0,0.0,0.0,0.0,0.0,0.0,0.0,0.0,0.0,0.0,0.0,0.0,0.0,1.0,0.0,0.0
P4_EVI,-0.2636,-0.1653,-0.2745,0.0562,0.1558,-0.2808,-0.1527,-0.4005,0.2538,-0.326,0.2222,0.2346,0.1935,-0.1649,0.1816,0.0592,-0.2358,-0.1114,-0.3035,0.2044,-0.3637,0.2817,-0.2626,0.1875,0.0949,0.1837,0.3134,0.3261,-0.1769,-0.3425,-0.3458,-0.3458,-0.0156,-0.0245,-0.1807,-0.1961,0.3531,0.4063,0.1704,0.2333,0.2606,-0.0074,-0.188,-0.163,-0.2914,0.0,0.0,0.0,0.0,0.0,0.0,0.0,0.0,0.0,0.0,0.0,0.0,0.0,0.0,0.0,0.0,0.0,0.0,0.0,0.0,0.0,0.0,0.0,0.0,0.0,0.0,0.0,0.0,0.0,0.0,0.0,0.0,0.0,0.0,0.0,0.0,0.0,0.0,0.0,0.0,0.0,0.0,0.0,0.0,0.0,0.0,0.0,0.0,0.0,0.0,0.0,0.0,0.0,1.0,0.0
P4_EVI_max,-0.2715,-0.1977,-0.2446,0.0619,0.1357,-0.3175,-0.1675,-0.4105,0.2261,-0.369,0.2482,0.2619,0.1648,-0.2103,0.1649,0.0986,-0.2719,-0.0805,-0.3381,0.2303,-0.406,0.3069,-0.3071,0.218,0.0969,0.1985,0.332,0.3543,-0.1703,-0.3646,-0.3676,-0.3677,-0.0441,-0.0565,-0.2217,-0.2412,0.3413,0.3961,0.17,0.225,0.2483,0.0111,-0.1837,-0.1553,-0.2824,0.0,0.0,0.0,0.0,0.0,0.0,0.0,0.0,0.0,0.0,0.0,0.0,0.0,0.0,0.0,0.0,0.0,0.0,0.0,0.0,0.0,0.0,0.0,0.0,0.0,0.0,0.0,0.0,0.0,0.0,0.0,0.0,0.0,0.0,0.0,0.0,0.0,0.0,0.0,0.0,0.0,0.0,0.0,0.0,0.0,0.0,0.0,0.0,0.0,0.0,0.0,0.0,0.0,0.0,1.0
